query,intent
如何申请公司的内部转岗,sql
公司的创始人是谁,rag
如何重置公司内部系统密码,sql
公司的专利申请流程是什么,rag
能告诉我公司的发展历史吗,sql
公司的工作时间是怎么规定的,rag
公司的打卡时间是几点到几点,sql
公司目前有多少名开发者职位的员工,sql
公司的员工手册在哪里可以找到,sql
查询公司2019年各季度的利润率变化,sql
公司的绩效奖金如何计算,sql
如何申请公司的内部转账,rag
产品部门2023年第三季度的业绩如何,sql
查询实习生在各部门的分布情况,sql
如何申请公司的报销流程,rag
如何使用公司的内部沟通工具,rag
如何申请公司的资源访问权限,rag
如何预订公司的会议室,rag
如何预订公司的会议室,rag
如何获取公司的产品折扣,rag
公司有哪些福利待遇,sql
如何重置公司内部系统密码,sql
公司的紧急联系人是谁,sql
如何使用公司的打印机扫描功能,sql
公司的数据安全政策有哪些规定,sql
公司的团队建设活动有哪些,rag
公司的VPN如何连接,sql
公司2019年的员工离职率是多少,sql
如何申请公司的内部转账,rag
公司的安全出口在哪里,sql
公司的差旅报销流程是什么,rag
我想知道公司的培训体系,rag
如何申请公司的报销流程,rag
如何申请在家办公,rag
如何申请带薪休假,sql
如何申请带薪休假,sql
公司的信息安全培训内容是什么,sql
如何参与公司的社会责任项目,sql
公司的加班餐补政策是什么,rag
如何使用公司的内部沟通工具,rag
公司2024年的员工离职率是多少,sql
公司的办公室布局图在哪里可以找到,rag
我想知道公司的培训体系,rag
公司的打卡时间是几点到几点,rag
公司的员工手册在哪里可以找到,rag
如何使用公司的共享单车福利,rag
公司的环保政策有哪些内容,sql
公司的加班补偿政策是什么,rag
公司的专利申请流程是什么,sql
如何使用公司的快递收发服务,sql
公司财务部门的绩效最高的员工是谁,sql
如何申请公司的内部转岗,rag
如何提交产品改进建议,rag
公司的打卡时间是几点到几点,rag
分析公司2024年各月度的收入支出情况,sql
公司信息技术部门的绩效最高的员工是谁,sql
计算采购部门2023年的人均培训时长,sql
计算物流部门2018年的人均培训时长,sql
公司的加班补偿政策是什么,rag
如何申请公司的报销流程,rag
如何申请公司的内部转账,sql
公司的信息安全培训内容是什么,rag
分析客户成功部门总监的工作效率,sql
如何获取公司的品牌资源和素材,rag
供应链部门2020年第四季度的业绩如何,sql
给我看看人力资源部门的组织架构,sql
如何使用公司的打印机扫描功能,sql
公司的创始人是谁,rag
帮我查一下公司的技术发展路线,rag
公司的年度体检政策是什么,rag
公司的技术栈包括哪些内容,rag
如何申请在家办公,rag
数据分析部门2023年的人员流动率是多少,sql
如何获取公司的产品折扣,rag
我想知道公司的培训体系,sql
如何申请调岗,sql
如何加入公司的员工俱乐部,rag
统计公司2018年的市场份额变化,sql
计算供应链部门2021年的人均加班时长,sql
分析市场营销部门2020年至2020年的人员变化,sql
公司的员工心理健康支持项目有哪些,sql
如何申请公司的内部转岗,rag
如何申请公司提供的教育补贴,sql
我想了解公司2021年的人员流动情况,sql
查询公司总监的晋升周期,sql
如何加入公司的员工俱乐部,rag
如何参与公司的社会责任项目,sql
公司的考勤制度是怎样的,rag
公司的试用期政策是什么,rag
给我看看研发部门的组织架构,sql
如何使用公司的内部沟通工具,rag
如何申请调岗,rag
能告诉我2020年公司的盈利情况吗,sql
请问公司的病假政策是怎么规定的,rag
如何参加公司组织的培训课程,rag
公司的IT支持电话是多少,rag
公司的地址在哪里,rag
公司的数据安全政策有哪些规定,sql
公司的产品线包括哪些产品,rag
公司的服务器维护时间是什么时候,rag
数据分析部门的平均工资是多少,sql
公司的环保政策有哪些内容,sql
公司的创始人是谁,rag
如何使用公司的打印机和复印机,sql
公司的办公室布局图在哪里可以找到,rag
统计内审部门2023年各季度的业绩波动,sql
公司的保密协议内容是什么,rag
计算供应链部门研究员的平均工作年限,sql
如何获取公司的品牌资源和素材,rag
公司国际业务部门有多少人,sql
公司的差旅报销流程是什么,rag
比较客户服务部门和客户服务部门的人均产值,sql
分析客户服务部门2024年的绩效考核结果,sql
公司的IT支持电话是多少,rag
统计公司各部门的人才流失率,sql
公司的环保政策有哪些内容,rag
公司的IT支持电话是多少,sql
计算人力资源部门经理的平均工作年限,sql
公司的信息安全培训内容是什么,sql
计算质量控制部门2023年的人均培训时长,sql
公司的主要竞争对手有哪些,rag
公司的打卡时间是几点到几点,sql
公司的休假政策是什么,rag
客户成功部门的项目数量是多少,sql
如何使用公司的云盘系统,sql
如何使用公司的会议预订系统,rag
统计一下研发部门的男女比例,sql
我想知道公司的培训体系,sql
如何获取公司的品牌资源和素材,rag
帮我对比一下各部门2023年的业绩,sql
如何使用公司的会议预订系统,rag
计算内审部门2020年的人均加班时长,sql
我想了解公司2024年的人员流动情况,sql
请问2019年第四季度的销售额是多少,sql
公司的安全出口在哪里,rag
如何加入公司的员工俱乐部,rag
法务部门的项目数量是多少,sql
能告诉我2019年公司的盈利情况吗,sql
如何预订公司的会议室,rag
分析供应链部门2019年至2019年的人员变化,sql
如何使用公司的内部沟通工具,rag
给我统计一下公司各部门的人均薪资,sql
如何申请带薪休假,sql
查询公司2020年的国内外市场销售比例,sql
计算安全部门2022年的人均加班时长,sql
公司的年度体检政策是什么,sql
公司的绩效奖金如何计算,rag
公司目前有多少名技术员职位的员工,sql
公司各部门的人数分布情况是怎样的,sql
公司的人工客服电话号码是多少,rag
公司目前有多少名经理职位的员工,sql
如何申请公司的法定节假日调休,rag
公司的晋升机制是怎样的,rag
给我统计一下公司各部门的人均薪资,sql
公司有哪些福利待遇,sql
我想了解公司的晋升通道,sql
公司的打卡时间是几点到几点,sql
如何使用公司的电子签名系统,rag
对比安全部门和安全部门的项目成功率,sql
公司的办公室布局图在哪里可以找到,rag
如何使用公司的快递收发服务,sql
公司的停车场在哪里,rag
如何参与公司的创新项目,rag
如何申请公司的法定节假日调休,sql
如何重置公司内部系统密码,rag
如何参与公司的社会责任项目,sql
如何获取公司的品牌标识使用指南,rag
我想了解一下公司的培训体系,rag
公司的远程工作政策是怎样的,rag
计算战略规划部门组长的平均工作年限,sql
客户成功部门的副总裁平均薪资是多少,sql
如何使用公司的共享单车福利,rag
公司的紧急联系人是谁,rag
如何使用公司的内部沟通工具,sql
如何参加公司组织的培训课程,sql
公司的绩效评估周期是怎样的,sql
统计公司各部门的人才流失率,sql
如何申请公司的学习资源,rag
如何申请公司的报销流程,rag
如何申请公司提供的教育补贴,rag
麻烦查一下质量控制部门主管的绩效如何,sql
公司的知识产权保护政策是什么,rag
如何使用公司的内部知识库,rag
如何申请公司的法定节假日调休,sql
我需要知道安全部门的预算执行情况,sql
如何提交产品改进建议,sql
能告诉我公司的发展历史吗,rag
如何使用公司的打印机扫描功能,rag
公司的绩效评估周期是怎样的,rag
如何申请公司的学习资源,rag
如何使用公司的云盘系统,rag
公司的团队建设活动有哪些,sql
如何申请公司的内部转岗,sql
如何使用公司的会议预订系统,rag
查看客户服务部门2023年的客户满意度,sql
如何获取公司的品牌标识使用指南,sql
公司的绩效奖金如何计算,sql
如何申请调岗,rag
如何提交产品改进建议,sql
公司的信息安全培训内容是什么,rag
公司的考勤制度是怎样的,rag
公司的地址在哪里,rag
公司的员工手册在哪里可以找到,rag
公司的技术栈包括哪些内容,sql
公司的年度体检政策是什么,rag
公司的使命和愿景是什么,rag
公司的股票代码是什么,rag
如何申请公司的法定节假日调休,sql
公司的知识产权保护政策是什么,sql
如何参加公司组织的培训课程,rag
公司培训发展部门的绩效最高的员工是谁,sql
请问公司的病假政策是怎么规定的,rag
对比实习生和实习生在各部门的薪资差异,sql
统计公司2019年的研发投入占比,sql
公司有哪些福利待遇,rag
如何申请公司的学习资源,rag
如何获取公司的品牌标识使用指南,sql
公司的主要竞争对手有哪些,rag
我们公司男性员工和女性员工的比例是多少,sql
公司的创始人是谁,rag
如何使用公司的会议预订系统,rag
公司的年度体检政策是什么,sql
分析2019年公司的季度业绩波动,sql
如何使用公司的云盘系统,rag
公司的创始人是谁,rag
采购部门的顾问平均薪资是多少,sql
公司的差旅报销流程是什么,rag
公司的年会一般什么时候举行,sql
公司的信息安全培训内容是什么,sql
公司的员工福利包括哪些内容,rag
如何申请公司的报销流程,rag
公司的绩效奖金如何计算,sql
公司的VPN如何连接,sql
公司的差旅报销流程是什么,rag
公司的信息安全培训内容是什么,sql
给我统计一下公司各部门的人均薪资,sql
如何申请调岗,sql
统计2024年公司的收入构成,sql
公司的年度体检政策是什么,rag
统计一下运营部门的男女比例,sql
公司的年度体检政策是什么,sql
公司的信息安全培训内容是什么,rag
能告诉我公司的发展历史吗,rag
如何使用公司的内部沟通工具,rag
公司的加班补偿政策是什么,rag
如何申请带薪休假,sql
公司的休假政策是什么,rag
查看设计部门2024年的客户满意度,sql
分析战略规划部门2019年的项目成功率,sql
如何使用公司的打印机和复印机,sql
如何加入公司的员工俱乐部,rag
公司的办公用品申请流程是什么,rag
我想了解一下运营部门的人员结构,sql
公司2023年的税收支出是多少,sql
公司的打卡时间是几点到几点,sql
公司的年终奖发放标准是什么,rag
供应链部门的经理平均薪资是多少,sql
公司的安全出口在哪里,rag
如何获取公司的产品折扣,rag
公司的主要竞争对手有哪些,rag
公司的试用期政策是什么,rag
公司的餐厅营业时间是什么时候,sql
公司的数据安全政策有哪些规定,sql
公司的餐厅营业时间是什么时候,sql
公司有哪些福利待遇,sql
如何预订公司的会议室,rag
公司的员工心理健康支持项目有哪些,rag
我想知道公司的培训体系,rag
公司的专利申请流程是什么,rag
公司的专利申请流程是什么,sql
公司各职级的薪资范围是什么,sql
公司的防火演习流程是什么,rag
公司的主要竞争对手有哪些,rag
如何使用公司的云盘系统,sql
公司的知识产权保护政策是什么,rag
公司的环保政策有哪些内容,sql
公司的WiFi密码是多少,sql
查询公司2023年的国内外市场销售比例,sql
公司2023年的营业额是多少,sql
公司的紧急联系人是谁,sql
公司的安全出口在哪里,rag
公司的年度体检政策是什么,sql
如何重置公司内部系统密码,rag
如何参与公司的社会责任项目,rag
分析产品部门2019年的成本结构,sql
如何获取公司的品牌资源和素材,sql
设计部门的平均工资是多少,sql
公司的休假政策是什么,rag
公司的加班补偿政策是什么,sql
公司的考勤制度是怎样的,rag
公司有哪些福利待遇,rag
公司的健康保险政策是什么,rag
公司的员工福利包括哪些内容,rag
分析财务部门2021年的绩效考核结果,sql
公司的远程工作政策是怎样的,sql
公司的保密协议内容是什么,rag
如何重置公司内部系统密码,sql
请问2019年第四季度的销售额是多少,sql
如何使用公司的电子签名系统,rag
公司的年会一般什么时候举行,rag
公司的环保政策有哪些内容,rag
如何申请内部转岗,rag
公司的打卡时间是几点到几点,rag
公司的主要竞争对手有哪些,rag
公司市场营销部门的绩效最高的员工是谁,sql
公司2020年的营业额是多少,sql
公司的试用期政策是什么,rag
公司2019年的财务报表显示了什么,sql
如何申请公司的内部转账,rag
如何使用公司的电子签名系统,sql
麻烦查一下采购部门主管的绩效如何,sql
分析2023年公司的季度业绩波动,sql
公司的使命和愿景是什么,rag
公司的信息安全培训内容是什么,sql
如何参与公司的创新项目,sql
公司的专利申请流程是什么,rag
查询公司2021年各季度的利润率变化,sql
如何使用公司的内部知识库,rag
公司的考勤制度是怎样的,sql
如何申请在家办公,rag
公司2018年招聘了多少名新员工,sql
公司的工作时间是怎么规定的,rag
如何参与公司的创新项目,sql
公司的打卡时间是几点到几点,rag
如何申请公司的资源访问权限,rag
帮我查一下公司的技术发展路线,rag
计算市场营销部门副总裁的平均工作年限,sql
给我看看销售部门的组织架构,sql
公司员工的平均年龄是多少,sql
如何申请调岗,rag
能告诉我公司的发展历史吗,sql
如何使用公司的云盘系统,rag
如何申请带薪休假,sql
如何使用公司的内部沟通工具,rag
如何参加公司的技术分享会,sql
查询法务部门的管理层结构,sql
公司的保密协议内容是什么,sql
公司2023年的财务报表显示了什么,sql
查询公司2023年各季度的利润率变化,sql
帮我看看销售部门2020年的员工数量变化,sql
如何使用公司的打印机和复印机,rag
计算供应链部门2020年的投资回报率,sql
如何使用公司的共享单车福利,rag
公司的年会一般什么时候举行,sql
如何申请在家办公,rag
对比顾问和顾问在各部门的薪资差异,sql
公司的健康保险政策是什么,rag
公司的IT支持电话是多少,sql
公司的人工客服电话号码是多少,rag
公司的WiFi密码是多少,rag
如何参与公司的社会责任项目,rag
如何预订公司的会议室,rag
公司的环保政策有哪些内容,rag
帮忙分析下2022年公司的业绩趋势,sql
统计公司2024年的客户增长率,sql
如何参加公司的技术分享会,rag
帮我对比一下各部门2022年的业绩,sql
如何申请公司的法定节假日调休,sql
分析2022年公司的季度业绩波动,sql
公司的加班餐补政策是什么,sql
公司2022年的财务报表显示了什么,sql
查询一下财务部门的主要项目进展,sql
如何参与公司的社会责任项目,sql
如何使用公司的电子签名系统,rag
公司的保密协议内容是什么,rag
公司的年终奖发放标准是什么,rag
公司质量控制部门的主管是谁,sql
如何申请公司的法定节假日调休,rag
如何使用公司的云盘系统,rag
如何申请公司提供的教育补贴,rag
查询主管在各部门的分布情况,sql
如何获取公司的品牌资源和素材,rag
公司的停车场在哪里,rag
公司内审部门的男女比例是多少,sql
如何使用公司的快递收发服务,rag
如何参与公司的创新项目,sql
公司的加班补偿政策是什么,sql
公司的技术栈包括哪些内容,sql
我想了解公司2021年的人员流动情况,sql
我想了解一下法务部门的人员结构,sql
公司的绩效评估周期是怎样的,rag
公司各部门的人数分布情况是怎样的,sql
如何重置公司邮箱密码,rag
公司的信息安全培训内容是什么,rag
如何使用公司的打印机和复印机,rag
如何使用公司的电子签名系统,rag
如何使用公司的打印机扫描功能,rag
公司的主要竞争对手有哪些,rag
公司的停车场在哪里,rag
如何申请公司提供的教育补贴,rag
如何重置公司内部系统密码,rag
分析法务部门2021年的项目成功率,sql
公司的年会一般什么时候举行,sql
公司的员工福利包括哪些内容,rag
如何申请公司的法定节假日调休,sql
公司的创始人是谁,rag
公司的办公室布局图在哪里可以找到,rag
公司的办公室布局图在哪里可以找到,rag
如何获取公司的品牌标识使用指南,rag
公司2020年的税收支出是多少,sql
我想了解公司的晋升通道,sql
分析供应链部门2023年的绩效考核结果,sql
公司的安全出口在哪里,sql
公司的年终奖发放标准是什么,rag
如何参与公司的创新项目,sql
公司的WiFi密码是多少,rag
公司的服务器维护时间是什么时候,rag
公司的绩效奖金如何计算,rag
公司的团队建设活动有哪些,sql
公司的团队建设活动有哪些,rag
如何提交产品改进建议,rag
公司的防火演习流程是什么,sql
如何向IT部门报告技术问题,rag
公司的打卡时间是几点到几点,rag
如何申请公司的内部转账,sql
如何加入公司的员工俱乐部,rag
分析安全部门2023年的项目成功率,sql
公司的员工手册在哪里可以找到,sql
公司的打卡时间是几点到几点,rag
如何申请公司的学习资源,sql
给我统计一下公司各部门的人均薪资,sql
公司的地址在哪里,rag
公司的远程工作政策是怎样的,rag
比较信息技术部门和信息技术部门的人均产值,sql
分析运营部门的年龄结构,sql
公司的专利申请流程是什么,rag
公司的信息安全培训内容是什么,sql
公司的使命和愿景是什么,rag
如何申请公司的学习资源,rag
公司的文化活动有哪些,rag
帮我查一下研发部门有多少人,sql
如何使用公司的电子签名系统,rag
如何参加公司的技术分享会,rag
公司各部门的人数分布情况是怎样的,sql
分析研发部门的年龄结构,sql
公司的紧急联系人是谁,rag
给我统计一下公司各部门的人均薪资,sql
公司的VPN如何连接,rag
公司的绩效评估周期是怎样的,sql
我想知道公司的培训体系,rag
公司的安全出口在哪里,rag
公司的使命和愿景是什么,rag
麻烦查一下供应链部门开发者的绩效如何,sql
公司的试用期政策是什么,sql
统计公司2023年的研发投入占比,sql
如何加入公司的员工俱乐部,rag
公司的绩效评估周期是怎样的,rag
如何申请在家办公,rag
公司的VPN如何连接,rag
统计销售部门2020年各季度的业绩波动,sql
公司的服务器维护时间是什么时候,rag
公司有哪些福利待遇,rag
我想知道公司的培训体系,rag
公司的差旅报销流程是什么,rag
如何重置公司邮箱密码,rag
公司的环保政策有哪些内容,sql
如何使用公司的打印机和复印机,rag
统计一下公关部门的男女比例,sql
公司有哪些福利待遇,sql
如何申请在家办公,sql
如何申请公司的内部转岗,sql
物流部门的项目数量是多少,sql
分析2021年公司的季度业绩波动,sql
计算市场营销部门2019年的人均培训时长,sql
我想了解一下公司的企业文化,sql
如何重置公司内部系统密码,rag
公司的产品线包括哪些产品,rag
公司的紧急联系人是谁,rag
我想看看公司测试员的分布情况,sql
公司有哪些福利待遇,rag
如何申请公司提供的教育补贴,sql
公司的知识产权保护政策是什么,rag
公司的紧急联系人是谁,rag
公司的WiFi密码是多少,rag
公司的办公室布局图在哪里可以找到,rag
如何申请调岗,sql
请问公司的病假政策是怎么规定的,sql
如何申请调岗,sql
如何使用公司的会议预订系统,sql
帮我查一下公司的技术发展路线,sql
公司客户成功部门的男女比例是多少,sql
公司的创始人是谁,rag
我需要知道质量控制部门的预算执行情况,sql
分析法务部门2022年至2022年的人员变化,sql
统计公司2021年的研发投入占比,sql
麻烦查一下人力资源部门工程师的绩效如何,sql
如何使用公司的电子签名系统,sql
如何提交产品改进建议,sql
如何重置公司内部系统密码,rag
查询公司2018年不同产品线的销售占比,sql
分析2018年和2018年公司营收的变化趋势,sql
我想知道公司的培训体系,rag
如何使用公司的内部沟通工具,rag
比较物流部门和物流部门的人均产值,sql
公司的餐厅营业时间是什么时候,sql
如何申请在家办公,rag
如何参与公司的社会责任项目,sql
公司的技术栈包括哪些内容,sql
统计公司2022年各部门的预算使用情况,sql
分析研发部门的年龄结构,sql
如何获取公司的品牌标识使用指南,sql
对比人力资源部门和人力资源部门的项目成功率,sql
帮忙分析下2020年公司的业绩趋势,sql
公司的休假政策是什么,rag
如何使用公司的云盘系统,rag
公司的员工心理健康支持项目有哪些,rag
公司的试用期政策是什么,rag
麻烦查一下客户服务部门技术员的绩效如何,sql
如何获取公司的品牌标识使用指南,rag
如何参与公司的社会责任项目,rag
我想了解公司的晋升通道,rag
比较公关部门和公关部门的人均产值,sql
公司的年会一般什么时候举行,sql
公司的餐厅营业时间是什么时候,sql
公司2024年的培训预算使用了多少,sql
公司的人工客服电话号码是多少,rag
公司的工作时间是怎么规定的,rag
公司的健康保险政策是什么,rag
公司的差旅报销流程是什么,rag
如何使用公司的快递收发服务,rag
如何申请在家办公,rag
公司的试用期政策是什么,sql
公司的停车场在哪里,sql
公司有哪些福利待遇,rag
如何使用公司的会议预订系统,sql
公司的绩效奖金如何计算,sql
公司客户服务部门的绩效最高的员工是谁,sql
公司的餐厅营业时间是什么时候,sql
公司的技术栈包括哪些内容,rag
给我看看数据分析部门的组织架构,sql
公司的环保政策有哪些内容,rag
公司的使命和愿景是什么,rag
我想了解公司的晋升通道,rag
如何重置公司内部系统密码,sql
公司的年会一般什么时候举行,sql
我想了解公司的晋升通道,rag
公司的人工客服电话号码是多少,rag
查询设计师在各部门的分布情况,sql
如何参加公司的技术分享会,rag
公司的差旅报销流程是什么,rag
公司的VPN如何连接,rag
公司各职级的薪资范围是什么,sql
公司的绩效奖金如何计算,sql
计算市场营销部门2021年的人均培训时长,sql
如何使用公司的云盘系统,sql
如何参加公司组织的培训课程,rag
计算数据分析部门2024年的人均加班时长,sql
如何申请公司的法定节假日调休,sql
分析公司2019年各月度的收入支出情况,sql
公司的办公室布局图在哪里可以找到,rag
如何申请公司的学习资源,sql
公司的办公用品申请流程是什么,sql
公司的餐厅营业时间是什么时候,rag
对比技术员和技术员在各部门的薪资差异,sql
公司的知识产权保护政策是什么,sql
分析财务部门2021年的成本结构,sql
公司的员工心理健康支持项目有哪些,rag
分析2018年公司的季度业绩波动,sql
如何申请在家办公,sql
公司的试用期政策是什么,rag
公司的年度体检政策是什么,rag
查询公司2024年各季度的利润率变化,sql
统计国际业务部门2021年各季度的业绩波动,sql
帮我查一下公司的技术发展路线,rag
我想了解公司的晋升通道,rag
公司的保密协议内容是什么,rag
公司的加班餐补政策是什么,rag
帮我对比一下各部门2022年的业绩,sql
统计公司2021年的市场份额变化,sql
公司的技术栈包括哪些内容,sql
查询公司2021年不同产品线的销售占比,sql
如何申请公司的资源访问权限,rag
如何参加公司的技术分享会,rag
如何使用公司的电子签名系统,sql
公司的休假政策是什么,rag
如何申请调岗,rag
公司的知识产权保护政策是什么,rag
统计公司各部门的人才流失率,sql
如何参与公司的创新项目,sql
对比经理和经理在各部门的薪资差异,sql
如何申请公司的法定节假日调休,rag
我想了解公司的晋升通道,sql
如何使用公司的会议预订系统,sql
公司的年会一般什么时候举行,sql
如何参加公司组织的培训课程,sql
计算公司2022年的人均产值,sql
如何参与公司的创新项目,rag
如何获取公司的产品折扣,sql
如何申请调岗,sql
公司的停车场在哪里,sql
公司人力资源部门的绩效最高的员工是谁,sql
公司的考勤制度是怎样的,sql
公司的地址在哪里,rag
如何使用公司的云盘系统,rag
计算信息技术部门经理的平均工作年限,sql
公司的WiFi密码是多少,rag
公司的绩效奖金如何计算,sql
公司的保密协议内容是什么,sql
公司的差旅报销流程是什么,sql
如何获取公司的产品折扣,rag
公司的办公用品申请流程是什么,rag
查询采购部门2024年的人员构成,sql
如何使用公司的健身房设施,sql
公司2019年的税收支出是多少,sql
公司的晋升机制是怎样的,rag
如何向IT部门报告技术问题,rag
如何使用公司的打印机和复印机,sql
如何使用公司的共享单车福利,rag
质量控制部门的项目完成率是多少,sql
公司的年终奖发放标准是什么,rag
公司的年会一般什么时候举行,rag
公司的停车场在哪里,sql
公司2018年第四季度的利润是多少,sql
公司的团队建设活动有哪些,sql
分析2018年公司的季度业绩波动,sql
如何申请公司的报销流程,rag
帮我查一下公司的技术发展路线,rag
公司的休假政策是什么,rag
查询公司架构师的晋升周期,sql
我想知道公司的培训体系,rag
公司的防火演习流程是什么,sql
如何获取公司的产品折扣,sql
如何申请公司提供的教育补贴,sql
公司的差旅报销流程是什么,rag
公司2018年的营业额是多少,sql
公司人力资源部门的主管是谁,sql
公司的差旅报销流程是什么,rag
公司的VPN如何连接,rag
公司的晋升机制是怎样的,rag
公司的停车场在哪里,rag
公司的年度体检政策是什么,sql
公司质量控制部门有多少人,sql
公司的VPN如何连接,rag
统计2020年公司的收入构成,sql
如何申请公司的内部转账,sql
公司的WiFi密码是多少,rag
我想知道公司的培训体系,sql
如何获取公司的产品折扣,rag
公司的绩效奖金如何计算,rag
对比工程师和工程师在各部门的薪资差异,sql
统计公司2021年各部门的预算使用情况,sql
如何使用公司的电子签名系统,sql
公司的休假政策是什么,rag
公司的数据安全政策有哪些规定,sql
麻烦查一下产品部门顾问的绩效如何,sql
公司2024年第一季度的利润是多少,sql
产品部门2024年第四季度的业绩如何,sql
公司的绩效评估周期是怎样的,sql
公司的差旅报销流程是什么,rag
如何使用公司的健身房设施,rag
公司安全部门的绩效最高的员工是谁,sql
公司的信息安全培训内容是什么,rag
如何获取公司的产品折扣,rag
公司的晋升机制是怎样的,rag
公司的员工心理健康支持项目有哪些,rag
公司的员工手册在哪里可以找到,sql
如何申请在家办公,sql
我想了解公司2024年的人员流动情况,sql
分析2018年公司的季度业绩波动,sql
如何使用公司的打印机扫描功能,rag
如何使用公司的云盘系统,rag
如何预订公司的会议室,rag
如何申请公司的内部转岗,rag
如何使用公司的内部沟通工具,rag
公司的打卡时间是几点到几点,rag
分析市场营销部门2022年的成本结构,sql
如何参与公司的创新项目,rag
给我统计一下公司各部门的人均薪资,sql
如何使用公司的会议预订系统,sql
公司的试用期政策是什么,rag
公司的健康保险政策是什么,rag
如何申请公司的资源访问权限,rag
客户服务部门的项目完成率是多少,sql
帮我对比一下各部门2022年的业绩,sql
如何提交产品改进建议,rag
帮我查一下公司的技术发展路线,rag
如何申请公司的内部转岗,rag
如何使用公司的内部知识库,rag
麻烦查一下培训发展部门助理的绩效如何,sql
如何获取公司的产品折扣,sql
如何使用公司的共享单车福利,sql
公司的VPN如何连接,rag
公司的知识产权保护政策是什么,rag
公司的产品线包括哪些产品,rag
公司的产品线包括哪些产品,rag
公司的VPN如何连接,rag
如何参与公司的创新项目,rag
查询公司2022年不同产品线的销售占比,sql
帮我看看研发部门2018年的员工数量变化,sql
公司的股票代码是什么,rag
如何参与公司的创新项目,rag
如何申请公司的资源访问权限,rag
公司的环保政策有哪些内容,rag
公司的使命和愿景是什么,rag
公司的地址在哪里,rag
如何向IT部门报告技术问题,rag
如何预订公司的会议室,rag
统计研发部门不同职级的人员占比,sql
如何重置公司邮箱密码,rag
公司的工作时间是怎么规定的,rag
公司的专利申请流程是什么,sql
分析市场营销部门2021年的绩效考核结果,sql
客户服务部门2021年第四季度的业绩如何,sql
如何加入公司的员工俱乐部,rag
公司的健康保险政策是什么,rag
如何参与公司的创新项目,sql
公司的环保政策有哪些内容,sql
公司2023年的财务报表显示了什么,sql
公司的办公室布局图在哪里可以找到,rag
如何向IT部门报告技术问题,rag
统计设计部门不同职级的人员占比,sql
公司的年会一般什么时候举行,sql
查询公司2018年的国内外市场销售比例,sql
帮忙分析下2024年公司的业绩趋势,sql
查看研发部门2022年的客户满意度,sql
如何获取公司的品牌资源和素材,sql
公司的员工福利包括哪些内容,rag
如何获取公司的产品折扣,sql
公司的专利申请流程是什么,sql
公司2019年的培训预算使用了多少,sql
公司客户成功部门有多少人,sql
如何使用公司的内部沟通工具,sql
如何申请在家办公,rag
如何加入公司的员工俱乐部,rag
公司的年度体检政策是什么,rag
如何使用公司的会议预订系统,sql
统计人力资源部门不同职级的人员占比,sql
我想了解公司的晋升通道,rag
国际业务部门2021年的人员流动率是多少,sql
如何使用公司的内部知识库,rag
统计采购部门2022年各季度的业绩波动,sql
如何获取公司的品牌资源和素材,rag
我需要知道数据分析部门的预算执行情况,sql
查一下产品部门2024年新招聘了多少人,sql
公司的创始人是谁,rag
公司的员工手册在哪里可以找到,rag
公司2019年的培训预算使用了多少,sql
公司的信息安全培训内容是什么,sql
如何使用公司的打印机扫描功能,rag
公司的员工福利包括哪些内容,rag
如何使用公司的会议预订系统,rag
我想了解公司的晋升通道,rag
查询一下人力资源部门的主要项目进展,sql
如何获取公司的品牌标识使用指南,rag
对比技术员和技术员在各部门的薪资差异,sql
公司的停车场在哪里,rag
如何申请在家办公,rag
如何获取公司的产品折扣,rag
公司的专利申请流程是什么,rag
如何申请公司的内部转岗,rag
如何申请公司提供的教育补贴,sql
公司的产品线包括哪些产品,rag
如何申请在家办公,rag
公司的产品线包括哪些产品,rag
查询公司开发者的晋升周期,sql
如何申请带薪休假,rag
如何申请公司的内部转账,rag
公司2020年的培训预算使用了多少,sql
如何预订公司的会议室,rag
我想了解公司的晋升通道,sql
公司的创始人是谁,rag
查询公司2022年的产品销量排名,sql
如何申请公司的法定节假日调休,sql
公司财务部门的男女比例是多少,sql
公司2024年的培训预算使用了多少,sql
公司的停车场在哪里,rag
我想知道公司的培训体系,rag
帮我查一下公司的技术发展路线,rag
计算国际业务部门2022年的投资回报率,sql
查询公司助理的晋升周期,sql
如何申请公司的法定节假日调休,rag
公司的WiFi密码是多少,rag
公司有哪些福利待遇,rag
公司的远程工作政策是怎样的,rag
如何参与公司的创新项目,rag
公司的差旅报销流程是什么,rag
如何申请公司的报销流程,rag
公司的年度体检政策是什么,rag
如何申请在家办公,sql
能告诉我2018年公司的盈利情况吗,sql
公司的IT支持电话是多少,rag
帮忙分析下2022年公司的业绩趋势,sql
查询供应链部门的管理层结构,sql
查询公司2018年各季度的利润率变化,sql
如何重置公司邮箱密码,rag
公司的产品线包括哪些产品,rag
公司的紧急联系人是谁,rag
如何使用公司的会议预订系统,rag
公司的WiFi密码是多少,rag
公司的安全出口在哪里,sql
培训发展部门的平均工资是多少,sql
公司的安全出口在哪里,rag
如何申请公司的内部转账,rag
如何获取公司的品牌标识使用指南,sql
如何使用公司的打印机和复印机,rag
公司的保密协议内容是什么,rag
如何重置公司内部系统密码,sql
公司的环保政策有哪些内容,rag
能告诉我公司的发展历史吗,rag
如何申请公司的法定节假日调休,rag
公司的团队建设活动有哪些,rag
统计一下财务部门的男女比例,sql
计算质量控制部门2019年的人均培训时长,sql
统计一下销售部门的男女比例,sql
公司的创始人是谁,rag
如何获取公司的品牌资源和素材,rag
公司的加班补偿政策是什么,sql
供应链部门的项目数量是多少,sql
公司的试用期政策是什么,sql
研发部门2024年第四季度的业绩如何,sql
公司的人工客服电话号码是多少,rag
能告诉我2019年公司的盈利情况吗,sql
公司的办公用品申请流程是什么,rag
我想了解一下信息技术部门的人员结构,sql
公司的产品线包括哪些产品,rag
财务部门的项目数量是多少,sql
公司的年度体检政策是什么,sql
公司的安全出口在哪里,sql
如何使用公司的电子签名系统,rag
我想了解公司的晋升通道,rag
如何申请公司的内部转岗,rag
如何申请公司的法定节假日调休,rag
如何申请在家办公,sql
如何使用公司的云盘系统,sql
如何使用公司的快递收发服务,rag
公司的专利申请流程是什么,sql
能告诉我公司的发展历史吗,sql
如何使用公司的云盘系统,rag
查询公司2022年的国内外市场销售比例,sql
公司的远程工作政策是怎样的,sql
公司的数据安全政策有哪些规定,rag
公司2018年的税收支出是多少,sql
供应链部门2024年的人员流动率是多少,sql
公司的年会一般什么时候举行,rag
给我统计一下公司各部门的人均薪资,sql
公司的数据安全政策有哪些规定,rag
如何使用公司的打印机和复印机,rag
我想了解公司的晋升通道,rag
公司的员工福利包括哪些内容,rag
分析销售部门设计师的工作效率,sql
如何提交产品改进建议,rag
公司的餐厅营业时间是什么时候,sql
公司的年假政策是怎样的,rag
我需要知道销售部门的预算执行情况,sql
如何使用公司的内部沟通工具,sql
如何重置公司内部系统密码,rag
如何重置公司内部系统密码,sql
公司2021年第三季度的利润是多少,sql
如何使用公司的内部知识库,rag
公司2018年的员工离职率是多少,sql
如何申请公司的报销流程,rag
公司2019年的员工离职率是多少,sql
能告诉我公司的发展历史吗,rag
公司的差旅报销流程是什么,sql
统计法务部门2023年各季度的业绩波动,sql
公司的使命和愿景是什么,rag
我需要知道产品部门的预算执行情况,sql
如何使用公司的电子签名系统,rag
如何申请带薪休假,rag
公司的人工客服电话号码是多少,rag
如何使用公司的会议预订系统,rag
公司的餐厅营业时间是什么时候,rag
查询公司2020年的产品销量排名,sql
查询公司2021年的产品销量排名,sql
公司的加班补偿政策是什么,rag
请问公司的病假政策是怎么规定的,sql
分析质量控制部门2018年的项目成功率,sql
公司的IT支持电话是多少,sql
公司各职级的薪资范围是什么,sql
如何使用公司的打印机和复印机,rag
如何获取公司的产品折扣,rag
我想了解公司的晋升通道,rag
公司的差旅报销流程是什么,sql
计算质量控制部门2019年的投资回报率,sql
公司的主要竞争对手有哪些,rag
公司的办公用品申请流程是什么,sql
公司的加班餐补政策是什么,rag
统计公司2022年的研发投入占比,sql
公司的技术栈包括哪些内容,sql
公司有哪些福利待遇,rag
查询公司2020年各季度的利润率变化,sql
如何向IT部门报告技术问题,rag
如何使用公司的健身房设施,sql
分析研发部门2024年的绩效考核结果,sql
如何申请公司的内部转账,sql
我想了解公司2021年的人员流动情况,sql
如何申请公司的法定节假日调休,sql
公司培训发展部门的主管是谁,sql
公司的年终奖发放标准是什么,rag
如何申请带薪休假,rag
如何加入公司的员工俱乐部,rag
公司的WiFi密码是多少,sql
我想了解一下公司的企业文化,sql
公司的紧急联系人是谁,sql
如何提交产品改进建议,sql
如何参与公司的社会责任项目,rag
统计客户成功部门2020年各季度的业绩波动,sql
能告诉我2021年公司的盈利情况吗,sql
公司的数据安全政策有哪些规定,rag
公司的服务器维护时间是什么时候,rag
如何使用公司的快递收发服务,rag
公司的WiFi密码是多少,rag
如何使用公司的共享单车福利,sql
公司的主要竞争对手有哪些,rag
如何申请公司的法定节假日调休,rag
如何使用公司的共享单车福利,sql
查询公司经理的晋升周期,sql
如何申请公司的报销流程,rag
公司的安全出口在哪里,sql
如何使用公司的会议预订系统,rag
我想了解一下公司的企业文化,sql
公司的使命和愿景是什么,rag
公司的主要竞争对手有哪些,rag
公司的年终奖发放标准是什么,rag
请问公司的病假政策是怎么规定的,rag
统计公司2018年的市场份额变化,sql
公司的VPN如何连接,sql
如何使用公司的健身房设施,rag
公司的绩效奖金如何计算,rag
公司的晋升机制是怎样的,rag
如何使用公司的打印机扫描功能,sql
公司的试用期政策是什么,rag
如何使用公司的快递收发服务,rag
公司的停车场在哪里,sql
查看运营部门2024年的客户满意度,sql
公司的创始人是谁,rag
公司的安全出口在哪里,sql
公司的数据安全政策有哪些规定,rag
统计一下市场营销部门的男女比例,sql
公司的紧急联系人是谁,rag
如何使用公司的内部沟通工具,sql
如何使用公司的内部沟通工具,sql
统计安全部门2022年各季度的业绩波动,sql
公司的股票代码是什么,rag
分析培训发展部门2020年的项目成功率,sql
公司的绩效奖金如何计算,rag
公司的知识产权保护政策是什么,rag
如何参与公司的社会责任项目,rag
公司的差旅报销流程是什么,sql
如何参与公司的社会责任项目,rag
如何申请公司的内部转岗,rag
公司2021年的培训预算使用了多少,sql
公司的保密协议内容是什么,rag
如何参与公司的创新项目,rag
公司的年度体检政策是什么,sql
公司的年会一般什么时候举行,rag
如何获取公司的产品折扣,sql
如何重置公司内部系统密码,rag
我想看看公司主管的分布情况,sql
公司的保密协议内容是什么,sql
计算信息技术部门2021年的人均加班时长,sql
查一下供应链部门2020年新招聘了多少人,sql
公司的数据安全政策有哪些规定,sql
公司的安全出口在哪里,rag
查询运营部门2018年的人员构成,sql
如何获取公司的品牌标识使用指南,sql
如何使用公司的打印机和复印机,rag
公司的信息安全培训内容是什么,sql
公司的产品线包括哪些产品,rag
如何申请调岗,sql
公司的年会一般什么时候举行,rag
公司的数据安全政策有哪些规定,rag
公司的年度体检政策是什么,rag
公司的考勤制度是怎样的,sql
帮我查一下公司的技术发展路线,rag
公司各部门的人数分布情况是怎样的,sql
公司的IT支持电话是多少,rag
对比战略规划部门和战略规划部门的项目成功率,sql
分析2023年公司的季度业绩波动,sql
分析设计部门2023年至2023年的人员变化,sql
我想了解公司的晋升通道,rag
查询公司2022年的产品销量排名,sql
请问2019年第二季度的销售额是多少,sql
公司的员工福利包括哪些内容,sql
我想了解公司2018年的人员流动情况,sql
如何申请公司的资源访问权限,rag
公司2024年的财务报表显示了什么,sql
公司的打卡时间是几点到几点,rag
公司2022年的营业额是多少,sql
如何使用公司的会议预订系统,rag
统计公司2021年的客户增长率,sql
如何使用公司的内部知识库,rag
计算市场营销部门2023年的人均培训时长,sql
如何使用公司的电子签名系统,rag
如何申请公司的学习资源,rag
如何使用公司的内部沟通工具,rag
公司的员工手册在哪里可以找到,rag
如何申请公司的资源访问权限,rag
帮我对比一下各部门2024年的业绩,sql
公司各部门的人数分布情况是怎样的,sql
计算物流部门2023年的人均加班时长,sql
分析国际业务部门2022年的成本结构,sql
公司的试用期政策是什么,sql
公司的员工心理健康支持项目有哪些,rag
对比行政部门和行政部门的项目成功率,sql
如何重置公司内部系统密码,sql
公司的远程工作政策是怎样的,rag
如何申请公司的报销流程,rag
公司的数据安全政策有哪些规定,rag
公司2022年的税收支出是多少,sql
如何重置公司内部系统密码,rag
如何使用公司的电子签名系统,rag
公司的办公用品申请流程是什么,rag
公司的年会一般什么时候举行,sql
如何预订公司的会议室,rag
公司的考勤制度是怎样的,rag
查询副总裁在各部门的分布情况,sql
公司的技术栈包括哪些内容,rag
公司员工的平均年龄是多少,sql
公司的办公用品申请流程是什么,rag
如何重置公司内部系统密码,sql
公司的员工福利包括哪些内容,sql
公司的停车场在哪里,rag
如何参加公司的技术分享会,rag
公司的年终奖发放标准是什么,rag
如何获取公司的品牌资源和素材,sql
公司2024年的员工离职率是多少,sql
查一下研发部门2021年新招聘了多少人,sql
如何参与公司的创新项目,rag
公司的员工手册在哪里可以找到,rag
公司的信息安全培训内容是什么,sql
公司的防火演习流程是什么,rag
公司的办公室布局图在哪里可以找到,rag
如何使用公司的电子签名系统,rag
如何使用公司的云盘系统,rag
公司的紧急联系人是谁,sql
公司的员工心理健康支持项目有哪些,sql
如何向IT部门报告技术问题,rag
公司的加班补偿政策是什么,rag
查一下研发部门2024年新招聘了多少人,sql
如何申请公司的内部转岗,rag
如何申请公司的内部转账,rag
公司的年度体检政策是什么,sql
公司的员工手册在哪里可以找到,sql
公司的产品线包括哪些产品,rag
公司的绩效奖金如何计算,sql
如何申请公司的资源访问权限,rag
如何使用公司的共享单车福利,rag
公司各部门的人数分布情况是怎样的,sql
如何提交产品改进建议,rag
如何使用公司的云盘系统,sql
公司的专利申请流程是什么,sql
能告诉我公司的发展历史吗,rag
公司的保密协议内容是什么,rag
公司的年度体检政策是什么,rag
公司研发部门的主管是谁,sql
公司的绩效评估周期是怎样的,rag
如何向IT部门报告技术问题,rag
我想知道公司的培训体系,rag
公司的餐厅营业时间是什么时候,sql
公司的员工福利包括哪些内容,rag
公司的办公用品申请流程是什么,sql
查询公司经理的晋升周期,sql
如何参与公司的创新项目,sql
公司的技术栈包括哪些内容,sql
如何使用公司的内部沟通工具,rag
给我统计一下公司各部门的人均薪资,sql
如何使用公司的云盘系统,rag
公司的防火演习流程是什么,sql
公司的办公室布局图在哪里可以找到,rag
如何加入公司的员工俱乐部,rag
如何获取公司的产品折扣,rag
公司的年会一般什么时候举行,sql
公司的餐厅营业时间是什么时候,rag
如何参与公司的社会责任项目,rag
我需要知道市场营销部门的预算执行情况,sql
公司的IT支持电话是多少,rag
公司2021年的员工离职率是多少,sql
公司的绩效奖金如何计算,sql
查询公司2019年各季度的利润率变化,sql
研发部门的主管平均薪资是多少,sql
公司的打卡时间是几点到几点,rag
公司的绩效奖金如何计算,rag
公司的服务器维护时间是什么时候,rag
我想知道公司的培训体系,rag
如何使用公司的电子签名系统,rag
如何获取公司的品牌资源和素材,rag
公司的绩效奖金如何计算,rag
如何申请公司的学习资源,rag
如何获取公司的品牌标识使用指南,rag
如何使用公司的内部沟通工具,sql
公司客户成功部门有多少人,sql
公司的服务器维护时间是什么时候,rag
公司的停车场在哪里,sql
如何获取公司的品牌资源和素材,rag
公司的年终奖发放标准是什么,rag
如何参与公司的社会责任项目,rag
帮忙分析下2018年公司的业绩趋势,sql
公司的技术栈包括哪些内容,sql
统计运营部门不同职级的人员占比,sql
我想了解公司的晋升通道,rag
分析安全部门2019年至2019年的人员变化,sql
公司的技术栈包括哪些内容,rag
公司的试用期政策是什么,rag
分析公司2024年各月度的收入支出情况,sql
查询公司2020年不同产品线的销售占比,sql
公司的停车场在哪里,sql
公司的工作时间是怎么规定的,rag
分析2024年公司的季度业绩波动,sql
公司的休假政策是什么,rag
公司的打卡时间是几点到几点,sql
公司的人工客服电话号码是多少,rag
公司的IT支持电话是多少,rag
如何使用公司的打印机和复印机,sql
如何获取公司的品牌资源和素材,rag
如何使用公司的电子签名系统,rag
查询一下国际业务部门的主要项目进展,sql
请问2019年第一季度的销售额是多少,sql
公司的VPN如何连接,sql
公司的专利申请流程是什么,sql
查询公司助理的晋升周期,sql
我想了解公司的晋升通道,sql
查询总监在各部门的分布情况,sql
公司2021年的员工离职率是多少,sql
分析内审部门2023年的绩效考核结果,sql
公司的健康保险政策是什么,rag
公司的年度体检政策是什么,rag
公司的餐厅营业时间是什么时候,sql
公司2019年的财务报表显示了什么,sql
公司的办公室布局图在哪里可以找到,rag
如何获取公司的品牌资源和素材,rag
如何向IT部门报告技术问题,rag
如何提交产品改进建议,sql
查询设计部门的管理层结构,sql
公司的年度体检政策是什么,sql
公司的安全出口在哪里,sql
请问公司的病假政策是怎么规定的,sql
给我统计一下公司各部门的人均薪资,sql
公司的WiFi密码是多少,rag
分析2024年公司的季度业绩波动,sql
如何申请公司的法定节假日调休,rag
公司的信息安全培训内容是什么,sql
公司的产品线包括哪些产品,rag
如何参加公司组织的培训课程,rag
我想知道公司的培训体系,sql
分析公司2021年各月度的收入支出情况,sql
公司的停车场在哪里,sql
公司的防火演习流程是什么,rag
公司的服务器维护时间是什么时候,rag
如何使用公司的电子签名系统,rag
如何申请在家办公,rag
统计公司各部门的人才流失率,sql
公司的差旅报销流程是什么,sql
公司的试用期政策是什么,rag
公司的打卡时间是几点到几点,rag
公司的年终奖发放标准是什么,rag
如何使用公司的快递收发服务,rag
我想了解一下公司的企业文化,rag
公司的停车场在哪里,rag
公司的停车场在哪里,rag
公司的差旅报销流程是什么,sql
我想了解公司的晋升通道,sql
帮我查一下公司的技术发展路线,rag
公司的办公室布局图在哪里可以找到,rag
帮我查一下公司的技术发展路线,sql
如何提交产品改进建议,rag
公司客户服务部门的男女比例是多少,sql
公司的IT支持电话是多少,sql
计算客户服务部门2022年的投资回报率,sql
公司的打卡时间是几点到几点,rag
公司的员工心理健康支持项目有哪些,rag
公司的考勤制度是怎样的,sql
公司的使命和愿景是什么,rag
如何参与公司的创新项目,rag
公司的绩效评估周期是怎样的,rag
我想了解公司2019年的人员流动情况,sql
查询一下公关部门的主要项目进展,sql
我想知道公司的培训体系,rag
公司的办公用品申请流程是什么,rag
如何申请公司提供的教育补贴,rag
如何使用公司的快递收发服务,rag
如何申请公司的法定节假日调休,rag
请问公司的病假政策是怎么规定的,sql
如何使用公司的健身房设施,rag
公司的员工福利包括哪些内容,rag
如何获取公司的产品折扣,rag
公司2019年招聘了多少名新员工,sql
公司的IT支持电话是多少,rag
如何参与公司的创新项目,rag
如何预订公司的会议室,rag
公司的差旅报销流程是什么,sql
如何参加公司的技术分享会,sql
如何获取公司的品牌资源和素材,sql
如何使用公司的共享单车福利,sql
如何获取公司的品牌资源和素材,sql
如何使用公司的快递收发服务,sql
我需要知道产品部门的预算执行情况,sql
公司的餐厅营业时间是什么时候,rag
客户成功部门的平均工资是多少,sql
公司的防火演习流程是什么,sql
查看产品部门2024年的客户满意度,sql
公司的绩效奖金如何计算,sql
如何申请公司的内部转账,rag
计算战略规划部门助理的平均工作年限,sql
查询实习生在各部门的分布情况,sql
公司的办公用品申请流程是什么,rag
公司的VPN如何连接,rag
公司的知识产权保护政策是什么,rag
如何参加公司组织的培训课程,sql
如何获取公司的品牌标识使用指南,rag
查询公司开发者的晋升周期,sql
如何参加公司组织的培训课程,sql
分析法务部门的年龄结构,sql
如何使用公司的云盘系统,sql
公司2023年的员工离职率是多少,sql
给我统计一下公司各部门的人均薪资,sql
公司的使命和愿景是什么,rag
如何申请公司的内部转岗,sql
公司的数据安全政策有哪些规定,rag
如何使用公司的打印机和复印机,sql
如何申请公司的法定节假日调休,rag
公司的环保政策有哪些内容,sql
公司的IT支持电话是多少,rag
麻烦查一下培训发展部门讲师的绩效如何,sql
如何申请公司的内部转岗,rag
公司信息技术部门有多少人,sql
公司的工作时间是怎么规定的,rag
如何向IT部门报告技术问题,rag
如何获取公司的品牌资源和素材,sql
如何使用公司的会议预订系统,sql
我想了解公司的晋升通道,rag
如何申请公司的资源访问权限,rag
如何使用公司的打印机和复印机,sql
如何参加公司的技术分享会,rag
公司的IT支持电话是多少,rag
物流部门2021年的人员流动率是多少,sql
公司的VPN如何连接,sql
公司的VPN如何连接,sql
公司的IT支持电话是多少,rag
公司员工的平均年龄是多少,sql
我想知道公司的培训体系,rag
如何获取公司的品牌标识使用指南,rag
统计一下法务部门的男女比例,sql
公司的员工手册在哪里可以找到,sql
如何使用公司的打印机和复印机,rag
公司的环保政策有哪些内容,rag
如何参加公司的技术分享会,rag
公司的员工福利包括哪些内容,rag
公司的防火演习流程是什么,rag
如何获取公司的品牌标识使用指南,rag
分析人力资源部门2020年的成本结构,sql
如何获取公司的品牌标识使用指南,rag
公司的员工心理健康支持项目有哪些,sql
如何使用公司的内部沟通工具,sql
公司的主要竞争对手有哪些,rag
如何向IT部门报告技术问题,rag
公司的WiFi密码是多少,sql
如何使用公司的共享单车福利,rag
公司的年终奖发放标准是什么,rag
查询公司2023年的产品销量排名,sql
公司2022年的财务报表显示了什么,sql
公司的安全出口在哪里,sql
公司的人工客服电话号码是多少,rag
分析国际业务部门2022年至2022年的人员变化,sql
如何参加公司的技术分享会,rag
如何使用公司的打印机和复印机,rag
公司的团队建设活动有哪些,sql
公司的加班补偿政策是什么,sql
如何使用公司的健身房设施,sql
公司的打卡时间是几点到几点,sql
如何参加公司组织的培训课程,rag
公司2022年的财务报表显示了什么,sql
公司的工作时间是怎么规定的,rag
如何使用公司的打印机扫描功能,rag
给我看看数据分析部门的组织架构,sql
公司的年终奖发放标准是什么,rag
公司的保密协议内容是什么,rag
公司目前有多少名组长职位的员工,sql
公司的专利申请流程是什么,rag
公司的紧急联系人是谁,sql
公司的IT支持电话是多少,rag
分析运营部门2024年的绩效考核结果,sql
公司的安全出口在哪里,sql
如何重置公司内部系统密码,sql
公司的绩效评估周期是怎样的,sql
统计2019年公司的收入构成,sql
公司的年会一般什么时候举行,rag
公司的产品线包括哪些产品,rag
公司的股票代码是什么,rag
如何预订公司的会议室,rag
公司的加班餐补政策是什么,rag
如何使用公司的快递收发服务,rag
公司2024年的财务报表显示了什么,sql
如何使用公司的快递收发服务,sql
如何参与公司的社会责任项目,rag
公司客户服务部门的绩效最高的员工是谁,sql
如何申请在家办公,rag
公司有哪些福利待遇,rag
公司的考勤制度是怎样的,rag
如何获取公司的品牌资源和素材,sql
分析培训发展部门2022年的项目成功率,sql
公司的员工手册在哪里可以找到,sql
如何申请公司提供的教育补贴,sql
如何使用公司的内部沟通工具,rag
公司的员工手册在哪里可以找到,sql
公司的工作时间是怎么规定的,rag
查询公司2022年不同产品线的销售占比,sql
公司的打卡时间是几点到几点,rag
公司的员工心理健康支持项目有哪些,rag
如何参加公司的技术分享会,rag
查询一下法务部门的主要项目进展,sql
如何使用公司的健身房设施,rag
公司的停车场在哪里,sql
如何参加公司的技术分享会,rag
如何申请公司的内部转岗,rag
如何使用公司的共享单车福利,rag
请问公司的病假政策是怎么规定的,rag
如何申请在家办公,sql
查询公司2021年的国内外市场销售比例,sql
如何申请带薪休假,sql
如何参与公司的社会责任项目,sql
如何使用公司的电子签名系统,rag
给我看看运营部门的组织架构,sql
公司2019年的营业额是多少,sql
如何参与公司的社会责任项目,sql
如何预订公司的会议室,rag
公司的安全出口在哪里,rag
公司的试用期政策是什么,rag
公司的员工手册在哪里可以找到,rag
如何参加公司的技术分享会,sql
我想了解一下公司的企业文化,sql
如何获取公司的产品折扣,sql
如何申请公司的内部转账,rag
公司的IT支持电话是多少,sql
公司的数据安全政策有哪些规定,sql
如何参加公司的技术分享会,rag
如何重置公司邮箱密码,rag
能告诉我公司的发展历史吗,sql
如何提交产品改进建议,sql
公司的绩效评估周期是怎样的,rag
查询运营部门的管理层结构,sql
公司的绩效评估周期是怎样的,rag
我想知道公司的培训体系,sql
公司的WiFi密码是多少,rag
公司的员工心理健康支持项目有哪些,rag
公司的年度体检政策是什么,sql
如何使用公司的打印机扫描功能,sql
公司的主要竞争对手有哪些,rag
公司的远程工作政策是怎样的,rag
公司的环保政策有哪些内容,sql
公司的主要竞争对手有哪些,rag
如何申请公司的内部转岗,sql
公司的安全出口在哪里,rag
公司的员工心理健康支持项目有哪些,rag
公司的技术栈包括哪些内容,sql
如何申请公司提供的教育补贴,sql
如何向IT部门报告技术问题,rag
公司的加班餐补政策是什么,sql
公司的考勤制度是怎样的,sql
帮我对比一下各部门2019年的业绩,sql
公司有哪些福利待遇,sql
公司的绩效评估周期是怎样的,rag
公司的人工客服电话号码是多少,rag
帮我对比一下各部门2020年的业绩,sql
如何重置公司内部系统密码,sql
公司的员工福利包括哪些内容,rag
公司的晋升机制是怎样的,rag
分析信息技术部门2018年的项目成功率,sql
公司的IT支持电话是多少,rag
帮我查一下公司的技术发展路线,rag
公司员工的平均年龄是多少,sql
公司的健康保险政策是什么,rag
公司的绩效奖金如何计算,sql
公司的保密协议内容是什么,sql
公司的年终奖发放标准是什么,rag
公关部门2023年第四季度的业绩如何,sql
如何申请公司的学习资源,rag
统计公司2019年各部门的预算使用情况,sql
请问公司的病假政策是怎么规定的,sql
如何使用公司的共享单车福利,rag
如何申请公司的内部转岗,sql
我想知道公司的培训体系,rag
公司的考勤制度是怎样的,sql
公司的WiFi密码是多少,sql
公司的安全出口在哪里,sql
如何使用公司的打印机和复印机,rag
公司的工作时间是怎么规定的,rag
帮忙分析下2019年公司的业绩趋势,sql
安全部门的项目完成率是多少,sql
公司的打卡时间是几点到几点,rag
安全部门2023年第四季度的业绩如何,sql
公司的绩效奖金如何计算,rag
公司设计部门的男女比例是多少,sql
查询公司专员的晋升周期,sql
公司的试用期政策是什么,rag
公司的年度体检政策是什么,rag
公司的年终奖发放标准是什么,rag
如何使用公司的会议预订系统,rag
公司的紧急联系人是谁,rag
公司的使命和愿景是什么,rag
统计2024年公司的收入构成,sql
公司的知识产权保护政策是什么,sql
帮我分析一下各部门的项目完成率,sql
公司的信息安全培训内容是什么,sql
如何使用公司的电子签名系统,sql
如何申请公司的法定节假日调休,rag
分析行政部门助理的工作效率,sql
公司的人工客服电话号码是多少,rag
公司各职级的薪资范围是什么,sql
统计公司2020年的研发投入占比,sql
公司2022年的税收支出是多少,sql
如何使用公司的打印机和复印机,rag
公司的保密协议内容是什么,sql
如何申请带薪休假,sql
公司的办公室布局图在哪里可以找到,rag
公司的绩效评估周期是怎样的,sql
计算公司2020年的人均产值,sql
公司的试用期政策是什么,rag
如何使用公司的会议预订系统,rag
公司的WiFi密码是多少,rag
对比数据分析部门和数据分析部门的项目成功率,sql
公司的停车场在哪里,sql
公司的办公用品申请流程是什么,sql
公司2024年招聘了多少名新员工,sql
帮我看看国际业务部门2024年的员工数量变化,sql
如何申请公司的资源访问权限,sql
公司的数据安全政策有哪些规定,sql
统计2022年公司的收入构成,sql
公司的试用期政策是什么,rag
请问2024年第四季度的销售额是多少,sql
如何重置公司邮箱密码,rag
如何申请公司的内部转岗,rag
采购部门的平均工资是多少,sql
公司的地址在哪里,rag
如何参与公司的社会责任项目,rag
如何申请公司的学习资源,rag
统计公司2024年的客户增长率,sql
公司的办公用品申请流程是什么,rag
如何使用公司的健身房设施,rag
如何获取公司的品牌资源和素材,rag
公司的办公用品申请流程是什么,rag
公司的办公室布局图在哪里可以找到,rag
公司的专利申请流程是什么,rag
公司的年会一般什么时候举行,rag
如何申请调岗,rag
如何参加公司的技术分享会,sql
公司2018年的税收支出是多少,sql
帮我对比一下各部门2018年的业绩,sql
计算培训发展部门2023年的投资回报率,sql
公司的餐厅营业时间是什么时候,sql
公司的数据安全政策有哪些规定,sql
公司的加班补偿政策是什么,rag
统计公司2020年的客户增长率,sql
公司的远程工作政策是怎样的,sql
查看财务部门2018年的客户满意度,sql
公司的办公用品申请流程是什么,rag
公司2020年的员工离职率是多少,sql
我想看看公司研究员的分布情况,sql
给我统计一下公司各部门的人均薪资,sql
公司的技术栈包括哪些内容,rag
我想知道公司的培训体系,rag
公司的员工手册在哪里可以找到,rag
统计一下培训发展部门的男女比例,sql
如何申请调岗,sql
如何预订公司的会议室,rag
如何使用公司的打印机和复印机,rag
公司员工的平均年龄是多少,sql
我想了解一下市场营销部门的人员结构,sql
如何申请在家办公,rag
公司目前有多少名主管职位的员工,sql
公司的年终奖发放标准是什么,rag
如何获取公司的产品折扣,sql
能告诉我公司的发展历史吗,rag
公司的员工手册在哪里可以找到,rag
公司的休假政策是什么,rag
公司的晋升机制是怎样的,rag
如何重置公司内部系统密码,rag
产品部门的项目数量是多少,sql
如何使用公司的健身房设施,sql
如何使用公司的会议预订系统,rag
公司的组织架构是怎样的,rag
分析研发部门2024年至2024年的人员变化,sql
公司的年度体检政策是什么,rag
分析客户成功部门的年龄结构,sql
如何获取公司的品牌标识使用指南,rag
能告诉我公司的发展历史吗,rag
如何申请调岗,sql
如何使用公司的电子签名系统,rag
如何使用公司的内部沟通工具,rag
公司的年度体检政策是什么,rag
我想了解一下公司的企业文化,rag
能告诉我公司的发展历史吗,rag
如何申请公司的法定节假日调休,sql
公司的打卡时间是几点到几点,rag
如何参加公司的技术分享会,rag
如何使用公司的电子签名系统,sql
如何申请公司的法定节假日调休,sql
请问公司的病假政策是怎么规定的,rag
公司的员工手册在哪里可以找到,sql
如何使用公司的健身房设施,rag
公司的技术栈包括哪些内容,rag
公司的办公用品申请流程是什么,rag
能告诉我公司的发展历史吗,rag
公司的创始人是谁,rag
分析战略规划部门2024年至2024年的人员变化,sql
我想了解一下公司的企业文化,sql
公司的WiFi密码是多少,sql
查一下物流部门2022年新招聘了多少人,sql
如何重置公司内部系统密码,rag
公司的员工心理健康支持项目有哪些,rag
公司的使命和愿景是什么,rag
如何使用公司的云盘系统,rag
分析信息技术部门2018年的项目成功率,sql
统计公司2021年各部门的预算使用情况,sql
如何获取公司的产品折扣,sql
公司的办公室布局图在哪里可以找到,rag
如何加入公司的员工俱乐部,rag
公司的创始人是谁,rag
公司的安全出口在哪里,rag
查询经理在各部门的分布情况,sql
公司2022年的财务报表显示了什么,sql
如何获取公司的品牌标识使用指南,sql
如何获取公司的产品折扣,sql
公司2022年第四季度的利润是多少,sql
客户成功部门的平均工资是多少,sql
统计公司2019年的客户增长率,sql
我想了解公司的晋升通道,rag
分析2021年和2021年公司营收的变化趋势,sql
公司的年会一般什么时候举行,sql
分析2020年公司的季度业绩波动,sql
公司的办公用品申请流程是什么,rag
如何申请公司的资源访问权限,rag
我想知道公司的培训体系,sql
公司的技术栈包括哪些内容,sql
如何使用公司的打印机和复印机,rag
如何申请公司的学习资源,rag
公司员工的平均年龄是多少,sql
公司的股票代码是什么,rag
公司的服务器维护时间是什么时候,rag
公司的办公室布局图在哪里可以找到,rag
如何申请公司的报销流程,rag
公司的使命和愿景是什么,rag
公司2022年第三季度的利润是多少,sql
如何使用公司的打印机和复印机,sql
公司的远程工作政策是怎样的,sql
如何提交产品改进建议,rag
公司的员工手册在哪里可以找到,sql
公司的产品线包括哪些产品,rag
我想了解一下产品部门的人员结构,sql
公司的休假政策是什么,rag
战略规划部门的助理平均薪资是多少,sql
公司的餐厅营业时间是什么时候,sql
如何获取公司的品牌资源和素材,sql
公司的打卡时间是几点到几点,sql
市场营销部门的项目数量是多少,sql
如何申请在家办公,sql
能告诉我公司的发展历史吗,sql
公司的年会一般什么时候举行,sql
国际业务部门的项目完成率是多少,sql
公司的远程工作政策是怎样的,rag
公司目前有多少名讲师职位的员工,sql
公司的远程工作政策是怎样的,rag
查询一下销售部门的主要项目进展,sql
公司的绩效评估周期是怎样的,sql
公司的餐厅营业时间是什么时候,sql
统计公司2019年的客户增长率,sql
公司的办公用品申请流程是什么,rag
公司的信息安全培训内容是什么,sql
分析市场营销部门2022年的绩效考核结果,sql
公司的办公室布局图在哪里可以找到,rag
帮我查一下公司的技术发展路线,rag
如何使用公司的共享单车福利,sql
如何申请带薪休假,rag
公司市场营销部门的主管是谁,sql
公司的信息安全培训内容是什么,rag
如何使用公司的云盘系统,sql
公司的团队建设活动有哪些,sql
如何获取公司的品牌标识使用指南,rag
公司有哪些福利待遇,rag
公司员工的平均年龄是多少,sql
如何预订公司的会议室,rag
公司的试用期政策是什么,sql
如何加入公司的员工俱乐部,rag
公司的餐厅营业时间是什么时候,sql
计算设计部门2019年的投资回报率,sql
如何使用公司的云盘系统,sql
查询公司设计师的晋升周期,sql
公司的打卡时间是几点到几点,sql
分析运营部门2019年的绩效考核结果,sql
公司的产品线包括哪些产品,rag
如何使用公司的健身房设施,sql
比较销售部门和销售部门的人均产值,sql
公司2018年的财务报表显示了什么,sql
如何使用公司的打印机扫描功能,sql
如何申请带薪休假,rag
如何参加公司组织的培训课程,sql
公司的加班餐补政策是什么,rag
公司的紧急联系人是谁,rag
公司采购部门的男女比例是多少,sql
如何参加公司的技术分享会,rag
我想知道公司的培训体系,rag
公司的年会一般什么时候举行,rag
如何预订公司的会议室,rag
如何使用公司的快递收发服务,rag
如何使用公司的打印机扫描功能,rag
公司的工作时间是怎么规定的,rag
如何申请公司的内部转岗,rag
如何参加公司的技术分享会,rag
统计公司各部门的人才流失率,sql
如何参加公司组织的培训课程,rag
公司的安全出口在哪里,rag
我想看看公司专员的分布情况,sql
查一下国际业务部门2022年新招聘了多少人,sql
如何使用公司的电子签名系统,sql
如何获取公司的品牌标识使用指南,sql
公司的打卡时间是几点到几点,rag
如何申请公司的法定节假日调休,rag
公司的休假政策是什么,rag
帮我看看信息技术部门2022年的员工数量变化,sql
计算公司2020年的人均产值,sql
如何使用公司的共享单车福利,rag
计算公司2024年的人均产值,sql
我想知道公司的培训体系,sql
分析2021年和2021年公司营收的变化趋势,sql
如何申请公司提供的教育补贴,sql
查一下运营部门2020年新招聘了多少人,sql
查询公司分析师的晋升周期,sql
公司的防火演习流程是什么,rag
如何使用公司的健身房设施,rag
公司的地址在哪里,rag
我想了解公司2023年的人员流动情况,sql
公司2023年的培训预算使用了多少,sql
比较数据分析部门和数据分析部门的人均产值,sql
如何申请调岗,rag
公司2020年第一季度的利润是多少,sql
运营部门的项目数量是多少,sql
能告诉我2024年公司的盈利情况吗,sql
公司的股票代码是什么,rag
如何申请在家办公,rag
如何使用公司的快递收发服务,rag
公司的人工客服电话号码是多少,rag
公司的知识产权保护政策是什么,rag
如何提交产品改进建议,rag
公司的环保政策有哪些内容,rag
帮忙分析下2021年公司的业绩趋势,sql
公司的保密协议内容是什么,rag
如何使用公司的打印机和复印机,rag
如何申请公司的资源访问权限,rag
计算公司2024年的人均产值,sql
如何申请公司的学习资源,rag
公司的差旅报销流程是什么,rag
帮我查一下公司的技术发展路线,sql
公司的员工心理健康支持项目有哪些,rag
如何申请公司的法定节假日调休,rag
如何加入公司的员工俱乐部,rag
分析2024年公司的季度业绩波动,sql
如何申请公司的内部转账,rag
公司的地址在哪里,rag
查询公司助理的晋升周期,sql
能告诉我公司的发展历史吗,rag
公司的信息安全培训内容是什么,sql
公司目前有多少名实习生职位的员工,sql
分析2019年和2019年公司营收的变化趋势,sql
统计公司2019年各部门的预算使用情况,sql
如何参加公司的技术分享会,rag
研发部门2019年第二季度的业绩如何,sql
如何申请公司的内部转岗,sql
统计一下质量控制部门的男女比例,sql
如何使用公司的打印机扫描功能,sql
公司2023年的营业额是多少,sql
查询一下市场营销部门的主要项目进展,sql
公司的保密协议内容是什么,rag
能告诉我公司的发展历史吗,rag
公司的年度体检政策是什么,sql
公司的休假政策是什么,rag
如何申请公司提供的教育补贴,rag
如何重置公司内部系统密码,sql
分析客户服务部门的年龄结构,sql
如何获取公司的产品折扣,rag
公司的主要竞争对手有哪些,rag
公司行政部门的绩效最高的员工是谁,sql
如何申请公司的法定节假日调休,rag
如何使用公司的电子签名系统,sql
公司的VPN如何连接,rag
统计运营部门2021年各季度的业绩波动,sql
如何获取公司的品牌资源和素材,rag
如何参加公司组织的培训课程,rag
公司的技术栈包括哪些内容,sql
公司的防火演习流程是什么,rag
公司各部门的人数分布情况是怎样的,sql
公司各职级的薪资范围是什么,sql
计算设计部门2018年的人均加班时长,sql
如何申请带薪休假,rag
公司的员工手册在哪里可以找到,rag
公司的人工客服电话号码是多少,rag
公司的健康保险政策是什么,rag
公司的绩效评估周期是怎样的,sql
如何申请公司的内部转账,rag
如何使用公司的内部知识库,rag
公司的IT支持电话是多少,rag
如何参加公司的技术分享会,rag
如何申请公司的内部转岗,rag
如何获取公司的品牌标识使用指南,sql
公司的技术栈包括哪些内容,rag
如何参与公司的社会责任项目,rag
公司的IT支持电话是多少,rag
公司2021年的税收支出是多少,sql
公司行政部门有多少人,sql
公司的休假政策是什么,rag
如何重置公司邮箱密码,rag
如何使用公司的快递收发服务,rag
如何参加公司组织的培训课程,rag
查询公司2024年的产品销量排名,sql
公司的股票代码是什么,rag
公司的VPN如何连接,rag
公司员工的平均年龄是多少,sql
公司的地址在哪里,rag
如何获取公司的品牌标识使用指南,sql
统计公司2020年的研发投入占比,sql
公司的试用期政策是什么,rag
公司的打卡时间是几点到几点,rag
如何提交产品改进建议,rag
帮忙分析下2023年公司的业绩趋势,sql
如何参加公司组织的培训课程,sql
公司的餐厅营业时间是什么时候,rag
查询经理在各部门的分布情况,sql
公司有哪些福利待遇,sql
公司的技术栈包括哪些内容,rag
如何使用公司的内部沟通工具,sql
统计公司2020年的市场份额变化,sql
公司2018年的培训预算使用了多少,sql
公司的考勤制度是怎样的,rag
公司的信息安全培训内容是什么,rag
公司的餐厅营业时间是什么时候,sql
如何参与公司的社会责任项目,rag
公司有哪些福利待遇,rag
如何使用公司的云盘系统,rag
如何获取公司的品牌资源和素材,sql
公司的试用期政策是什么,rag
公司的VPN如何连接,rag
公司的防火演习流程是什么,sql
如何申请公司提供的教育补贴,sql
公司的远程工作政策是怎样的,rag
公司的数据安全政策有哪些规定,rag
查一下运营部门2022年新招聘了多少人,sql
如何申请公司的学习资源,rag
公司的服务器维护时间是什么时候,rag
如何使用公司的共享单车福利,rag
公司有哪些福利待遇,rag
公司各部门的人数分布情况是怎样的,sql
如何使用公司的共享单车福利,rag
公司的保密协议内容是什么,rag
公司的知识产权保护政策是什么,sql
查询公司2022年各季度的利润率变化,sql
计算行政部门研究员的平均工作年限,sql
如何使用公司的共享单车福利,sql
如何获取公司的品牌资源和素材,rag
如何申请公司的资源访问权限,sql
如何重置公司内部系统密码,rag
公司的环保政策有哪些内容,rag
运营部门的项目完成率是多少,sql
公司的IT支持电话是多少,rag
公司的防火演习流程是什么,sql
分析培训发展部门2020年的成本结构,sql
我想知道公司的培训体系,sql
公司的信息安全培训内容是什么,sql
公司的保密协议内容是什么,rag
如何重置公司邮箱密码,rag
公司的休假政策是什么,rag
如何参加公司组织的培训课程,rag
如何使用公司的打印机和复印机,sql
计算公司2020年的人均产值,sql
能告诉我公司的发展历史吗,sql
公司的人工客服电话号码是多少,rag
如何申请公司的资源访问权限,sql
公司的差旅报销流程是什么,rag
公司的安全出口在哪里,rag
公司的技术栈包括哪些内容,rag
公司的股票代码是什么,rag
公司的加班补偿政策是什么,sql
公司2023年的财务报表显示了什么,sql
我想了解公司的晋升通道,sql
如何提交产品改进建议,sql
公司的技术栈包括哪些内容,rag
如何获取公司的产品折扣,rag
公司的办公用品申请流程是什么,sql
如何申请调岗,rag
如何使用公司的会议预订系统,rag
哪个部门的人数最多,sql
分析国际业务部门技术员的工作效率,sql
公司的安全出口在哪里,rag
如何参加公司组织的培训课程,rag
如何重置公司内部系统密码,rag
分析运营部门2021年的绩效考核结果,sql
如何重置公司内部系统密码,rag
公司的环保政策有哪些内容,sql
公司的年会一般什么时候举行,rag
公司有哪些福利待遇,sql
如何参加公司组织的培训课程,rag
公司的停车场在哪里,rag
分析研发部门2018年的成本结构,sql
公司的健康保险政策是什么,rag
如何申请公司的内部转账,sql
我想了解公司的晋升通道,sql
如何申请公司的内部转岗,sql
统计公司2022年的市场份额变化,sql
如何使用公司的内部知识库,rag
查询公司分析师的晋升周期,sql
公司质量控制部门有多少人,sql
如何申请公司的资源访问权限,sql
如何申请公司的内部转账,sql
如何获取公司的品牌资源和素材,rag
公司的IT支持电话是多少,rag
如何申请公司的法定节假日调休,sql
法务部门的平均工资是多少,sql
如何使用公司的快递收发服务,rag
分析公关部门2019年至2019年的人员变化,sql
如何申请调岗,rag
公司的团队建设活动有哪些,rag
如何申请公司的学习资源,rag
如何申请带薪休假,sql
如何重置公司内部系统密码,sql
公司的打卡时间是几点到几点,rag
公司的技术栈包括哪些内容,rag
统计设计部门2021年各季度的业绩波动,sql
公司的股票代码是什么,rag
公司各职级的薪资范围是什么,sql
公司有哪些福利待遇,rag
分析2020年和2020年公司营收的变化趋势,sql
公司的差旅报销流程是什么,rag
公司的试用期政策是什么,sql
统计公司2023年的研发投入占比,sql
公司的差旅报销流程是什么,sql
公司的停车场在哪里,sql
公司2020年的员工离职率是多少,sql
公司的WiFi密码是多少,rag
如何申请公司的学习资源,sql
给我看看培训发展部门的组织架构,sql
公司的保密协议内容是什么,rag
统计2019年公司的收入构成,sql
公司的主要竞争对手有哪些,rag
如何使用公司的电子签名系统,sql
帮我查一下公司的技术发展路线,sql
如何申请公司的法定节假日调休,rag
公司的团队建设活动有哪些,rag
公司的股票代码是什么,rag
分析物流部门专员的工作效率,sql
分析安全部门2018年至2018年的人员变化,sql
公司的使命和愿景是什么,rag
分析人力资源部门开发者的工作效率,sql
公司的使命和愿景是什么,rag
公司的WiFi密码是多少,sql
统计一下数据分析部门的男女比例,sql
如何使用公司的打印机和复印机,rag
如何重置公司内部系统密码,sql
公司有哪些福利待遇,rag
公司的IT支持电话是多少,sql
查询一下战略规划部门的主要项目进展,sql
请问公司的考勤制度是怎样的,rag
查一下物流部门2023年新招聘了多少人,sql
我想知道公司的培训体系,rag
分析2022年公司的季度业绩波动,sql
如何获取公司的品牌资源和素材,rag
我想知道公司的培训体系,sql
公司的绩效奖金如何计算,rag
如何参加公司的技术分享会,sql
公司的加班补偿政策是什么,sql
今年的营业收入比去年增长了多少,sql
公司的年度体检政策是什么,sql
公司的技术栈包括哪些内容,rag
公司的餐厅营业时间是什么时候,rag
公司的考勤制度是怎样的,sql
公司的专利申请流程是什么,sql
如何申请调岗,sql
公司的办公室布局图在哪里可以找到,rag
如何参与公司的创新项目,rag
公司的加班补偿政策是什么,sql
查询市场营销部门2022年的人员构成,sql
如何参与公司的创新项目,sql
能告诉我2018年公司的盈利情况吗,sql
公司2020年的培训预算使用了多少,sql
如何申请公司提供的教育补贴,sql
查询公司2022年的国内外市场销售比例,sql
公司的工作时间是怎么规定的,rag
查询公司2022年的产品销量排名,sql
公司的安全出口在哪里,rag
如何参与公司的创新项目,rag
如何重置公司内部系统密码,rag
质量控制部门2018年第二季度的业绩如何,sql
公司的保密协议内容是什么,rag
公司的防火演习流程是什么,sql
如何提交产品改进建议,sql
如何使用公司的云盘系统,sql
如何使用公司的云盘系统,sql
公司的员工手册在哪里可以找到,sql
公司的VPN如何连接,sql
公司的员工手册在哪里可以找到,rag
帮我看看供应链部门2018年的员工数量变化,sql
分析公司2018年各月度的收入支出情况,sql
如何使用公司的云盘系统,sql
运营部门的项目完成率是多少,sql
公司的年度体检政策是什么,rag
公司的员工心理健康支持项目有哪些,rag
公司的年度体检政策是什么,rag
公司的股票代码是什么,rag
公司的技术栈包括哪些内容,rag
比较财务部门和财务部门的人均产值,sql
公司的保密协议内容是什么,sql
公司的停车场在哪里,sql
公司的打卡时间是几点到几点,sql
分析采购部门2021年的绩效考核结果,sql
如何加入公司的员工俱乐部,rag
对比培训发展部门和培训发展部门的项目成功率,sql
查询公司2023年各季度的利润率变化,sql
统计公司2024年各部门的预算使用情况,sql
公司的知识产权保护政策是什么,sql
请问公司的病假政策是怎么规定的,rag
公司的创始人是谁,rag
能帮我统计一下今年的招聘人数吗,sql
请问公司的病假政策是怎么规定的,rag
查询设计部门2021年的人员构成,sql
如何重置公司邮箱密码,rag
公司的技术栈包括哪些内容,rag
公司的股票代码是什么,rag
我想看看公司助理的分布情况,sql
公司的晋升机制是怎样的,rag
如何申请公司的法定节假日调休,rag
如何申请公司的法定节假日调休,rag
公司的安全出口在哪里,rag
如何获取公司的品牌资源和素材,rag
统计公司2024年的客户增长率,sql
如何使用公司的打印机和复印机,sql
查询公司2021年各季度的利润率变化,sql
如何申请公司的学习资源,rag
公司的安全出口在哪里,rag
公司的加班补偿政策是什么,sql
公司的远程工作政策是怎样的,sql
公司的绩效奖金如何计算,rag
如何申请公司的报销流程,rag
公司的安全出口在哪里,rag
如何使用公司的电子签名系统,sql
查询物流部门的管理层结构,sql
公司的加班补偿政策是什么,rag
公司的健康保险政策是什么,rag
如何使用公司的云盘系统,rag
公司的WiFi密码是多少,rag
请问公司的病假政策是怎么规定的,sql
如何使用公司的会议预订系统,rag
公司的工作时间是怎么规定的,rag
如何申请在家办公,sql
公司的差旅报销流程是什么,rag
能告诉我2021年公司的盈利情况吗,sql
统计研发部门不同职级的人员占比,sql
物流部门的项目完成率是多少,sql
公司的绩效评估周期是怎样的,sql
分析质量控制部门2022年的绩效考核结果,sql
如何使用公司的共享单车福利,rag
公司的办公用品申请流程是什么,rag
能告诉我公司的发展历史吗,rag
查询公司2019年的产品销量排名,sql
分析采购部门主管的工作效率,sql
如何使用公司的会议预订系统,rag
如何申请公司提供的教育补贴,rag
统计财务部门不同职级的人员占比,sql
如何申请公司的内部转岗,rag
公司的数据安全政策有哪些规定,rag
我想知道公司的培训体系,sql
国际业务部门2024年第四季度的业绩如何,sql
分析2022年和2022年公司营收的变化趋势,sql
如何使用公司的云盘系统,rag
帮我查一下公司的技术发展路线,sql
公司的数据安全政策有哪些规定,sql
统计一下战略规划部门的男女比例,sql
查询公司2018年各季度的利润率变化,sql
计算安全部门2023年的人均加班时长,sql
我想知道公司的培训体系,sql
如何使用公司的快递收发服务,sql
分析培训发展部门2024年至2024年的人员变化,sql
比较公关部门和公关部门的人均产值,sql
如何申请公司的法定节假日调休,rag
查询设计部门2018年的人员构成,sql
统计2024年公司的收入构成,sql
如何使用公司的内部沟通工具,rag
公司的团队建设活动有哪些,sql
公司的加班餐补政策是什么,sql
公司的办公用品申请流程是什么,rag
统计信息技术部门2019年各季度的业绩波动,sql
查询公司2021年的国内外市场销售比例,sql
公司的餐厅营业时间是什么时候,sql
公司的远程工作政策是怎样的,rag
公司的服务器维护时间是什么时候,rag
能告诉我公司的发展历史吗,rag
统计公司2023年的研发投入占比,sql
如何使用公司的共享单车福利,rag
如何参与公司的创新项目,sql
公司的数据安全政策有哪些规定,sql
如何申请公司提供的教育补贴,rag
我想了解一下公司的企业文化,rag
如何使用公司的快递收发服务,rag
公司的餐厅营业时间是什么时候,rag
公司的环保政策有哪些内容,sql
公司的安全出口在哪里,rag
查询公司副总裁的晋升周期,sql
公司的年度体检政策是什么,sql
如何获取公司的产品折扣,rag
公司的年终奖发放标准是什么,rag
公司的团队建设活动有哪些,sql
如何使用公司的打印机扫描功能,rag
公司的使命和愿景是什么,rag
如何提交产品改进建议,rag
公司的使命和愿景是什么,rag
公司的防火演习流程是什么,sql
公司的员工手册在哪里可以找到,rag
公司员工的平均年龄是多少,sql
分析采购部门助理的工作效率,sql
如何参加公司的技术分享会,rag
市场营销部门2019年的人员流动率是多少,sql
公司的加班餐补政策是什么,rag
如何使用公司的内部知识库,rag
公司的技术栈包括哪些内容,rag
培训发展部门2022年第二季度的业绩如何,sql
公司的办公用品申请流程是什么,sql
查询公司2022年不同产品线的销售占比,sql
如何使用公司的电子签名系统,sql
我想了解公司的晋升通道,sql
公司的环保政策有哪些内容,rag
如何申请公司的报销流程,rag
如何使用公司的内部知识库,rag
公司的数据安全政策有哪些规定,rag
如何使用公司的共享单车福利,rag
帮忙分析下2023年公司的业绩趋势,sql
公司的绩效评估周期是怎样的,sql
帮我看看公关部门2019年的员工数量变化,sql
查询公司2023年不同产品线的销售占比,sql
公司的地址在哪里,rag
查询一下质量控制部门的主要项目进展,sql
能告诉我公司的发展历史吗,rag
对比专员和专员在各部门的薪资差异,sql
公司的专利申请流程是什么,rag
统计公司各部门的人才流失率,sql
公司的创始人是谁,rag
查询一下法务部门的主要项目进展,sql
公司的主要竞争对手有哪些,rag
如何使用公司的会议预订系统,sql
如何申请在家办公,sql
如何申请在家办公,rag
计算行政部门2018年的投资回报率,sql
帮我查一下公司的技术发展路线,rag
如何使用公司的内部知识库,rag
公司的员工手册在哪里可以找到,sql
公司数据分析部门的男女比例是多少,sql
比较数据分析部门和数据分析部门的人均产值,sql
请问公司的病假政策是怎么规定的,rag
如何加入公司的员工俱乐部,rag
公司的晋升机制是怎样的,rag
公司的服务器维护时间是什么时候,rag
分析2024年公司的季度业绩波动,sql
统计公司各部门的人才流失率,sql
如何向IT部门报告技术问题,rag
公司的环保政策有哪些内容,sql
公司的信息安全培训内容是什么,sql
公司的年度体检政策是什么,rag
公司的防火演习流程是什么,rag
如何申请调岗,rag
我想了解公司2023年的人员流动情况,sql
公司的保密协议内容是什么,sql
如何使用公司的会议预订系统,sql
查询组长在各部门的分布情况,sql
公司的晋升机制是怎样的,rag
如何参加公司组织的培训课程,sql
公司目前有多少名主管职位的员工,sql
麻烦查一下法务部门讲师的绩效如何,sql
如何使用公司的打印机扫描功能,rag
分析战略规划部门开发者的工作效率,sql
公司的绩效奖金如何计算,sql
公司的IT支持电话是多少,sql
公司质量控制部门的绩效最高的员工是谁,sql
公司的打卡时间是几点到几点,sql
产品部门的平均工资是多少,sql
如何使用公司的云盘系统,sql
如何参与公司的创新项目,sql
公司的防火演习流程是什么,rag
查询公司2022年的产品销量排名,sql
如何申请公司的学习资源,rag
公司的地址在哪里,rag
如何使用公司的打印机和复印机,rag
公司的服务器维护时间是什么时候,rag
培训发展部门2022年第一季度的业绩如何,sql
如何使用公司的内部沟通工具,sql
公司各部门的人数分布情况是怎样的,sql
如何申请公司的资源访问权限,rag
研发部门2018年第四季度的业绩如何,sql
如何使用公司的快递收发服务,sql
公司2019年第二季度的利润是多少,sql
对比研发部门和研发部门的项目成功率,sql
分析销售部门2023年的成本结构,sql
如何参与公司的创新项目,sql
公司的知识产权保护政策是什么,rag
公司2022年的税收支出是多少,sql
查询战略规划部门2022年的人员构成,sql
我想了解公司的晋升通道,sql
如何申请调岗,sql
查询一下市场营销部门的主要项目进展,sql
公司的防火演习流程是什么,sql
公司的绩效奖金如何计算,rag
如何申请公司的学习资源,rag
公司的产品线包括哪些产品,rag
如何参加公司的技术分享会,rag
公司的试用期政策是什么,rag
公司的员工手册在哪里可以找到,rag
查询公关部门的管理层结构,sql
如何申请带薪休假,rag
公司2021年的财务报表显示了什么,sql
公司的员工手册在哪里可以找到,rag
统计公司各部门的人才流失率,sql
公司的紧急联系人是谁,sql
公司的打卡时间是几点到几点,rag
如何申请公司的资源访问权限,rag
如何使用公司的电子签名系统,sql
公司2024年的员工离职率是多少,sql
公司的IT支持电话是多少,rag
麻烦查一下质量控制部门研究员的绩效如何,sql
公司的团队建设活动有哪些,rag
计算公司2020年的人均产值,sql
如何使用公司的电子签名系统,rag
公司的专利申请流程是什么,sql
如何申请公司提供的教育补贴,sql
公司的创始人是谁,rag
查询公司2020年的产品销量排名,sql
如何参加公司的技术分享会,rag
计算法务部门测试员的平均工作年限,sql
公司的远程工作政策是怎样的,sql
公司的办公室布局图在哪里可以找到,rag
公司的环保政策有哪些内容,sql
如何使用公司的内部沟通工具,rag
公司各部门的人数分布情况是怎样的,sql
分析法务部门讲师的工作效率,sql
帮我对比一下各部门2018年的业绩,sql
公司的加班餐补政策是什么,rag
如何向IT部门报告技术问题,rag
分析物流部门2020年的成本结构,sql
对比设计部门和设计部门的项目成功率,sql
公司的IT支持电话是多少,rag
公司的加班餐补政策是什么,rag
公司的晋升机制是怎样的,rag
分析2019年公司的季度业绩波动,sql
统计公司2022年各部门的预算使用情况,sql
公司的考勤制度是怎样的,rag
如何使用公司的打印机扫描功能,rag
公司的试用期政策是什么,rag
如何申请公司的内部转账,rag
如何使用公司的云盘系统,sql
如何提交产品改进建议,rag
如何获取公司的品牌标识使用指南,sql
如何重置公司内部系统密码,sql
帮我查一下公司的技术发展路线,rag
如何获取公司的产品折扣,sql
分析信息技术部门技术员的工作效率,sql
如何重置公司邮箱密码,rag
公司的员工福利包括哪些内容,rag
公司的使命和愿景是什么,rag
麻烦查一下销售部门总监的绩效如何,sql
公司的休假政策是什么,rag
公司的年度体检政策是什么,rag
给我看看法务部门的组织架构,sql
公司有哪些福利待遇,sql
公司的绩效奖金如何计算,rag
公司行政部门的绩效最高的员工是谁,sql
公司的年会一般什么时候举行,sql
查询一下信息技术部门的主要项目进展,sql
分析2018年和2018年公司营收的变化趋势,sql
公司的保密协议内容是什么,rag
公司的创始人是谁,rag
公司的绩效评估周期是怎样的,rag
对比运营部门和运营部门的项目成功率,sql
我想了解公司2024年的人员流动情况,sql
如何获取公司的产品折扣,rag
公司的工作时间是怎么规定的,rag
公司的防火演习流程是什么,rag
公司的办公用品申请流程是什么,rag
如何重置公司内部系统密码,rag
如何使用公司的电子签名系统,sql
公司的试用期政策是什么,rag
如何申请公司的学习资源,rag
如何使用公司的云盘系统,rag
公司的年会一般什么时候举行,rag
请问公司的病假政策是怎么规定的,rag
公司的信息安全培训内容是什么,sql
公司的员工心理健康支持项目有哪些,sql
公司的数据安全政策有哪些规定,sql
公司的紧急联系人是谁,rag
如何加入公司的员工俱乐部,rag
公司的绩效奖金如何计算,rag
公司的知识产权保护政策是什么,rag
公司的办公室布局图在哪里可以找到,rag
如何预订公司的会议室,rag
帮我查一下公司的技术发展路线,rag
如何获取公司的品牌标识使用指南,sql
公司的信息安全培训内容是什么,sql
公司的办公室布局图在哪里可以找到,rag
如何申请调岗,sql
公司的防火演习流程是什么,sql
公司的服务器维护时间是什么时候,rag
查询设计师在各部门的分布情况,sql
如何申请公司提供的教育补贴,rag
能告诉我公司的发展历史吗,rag
如何获取公司的品牌标识使用指南,rag
如何参加公司的技术分享会,rag
公司市场营销部门的男女比例是多少,sql
如何申请公司的报销流程,rag
查询战略规划部门的管理层结构,sql
如何使用公司的共享单车福利,sql
请问公司的病假政策是怎么规定的,rag
公司的休假政策是什么,rag
公司的服务器维护时间是什么时候,rag
公司的主要竞争对手有哪些,rag
如何提交产品改进建议,sql
如何申请公司的内部转岗,rag
公司的员工心理健康支持项目有哪些,rag
公司的考勤制度是怎样的,sql
公司的员工手册在哪里可以找到,rag
如何申请公司的内部转岗,rag
公司的团队建设活动有哪些,sql
如何获取公司的品牌标识使用指南,rag
如何申请公司的法定节假日调休,rag
如何申请公司的学习资源,sql
统计公司各部门的人才流失率,sql
如何申请在家办公,rag
统计物流部门不同职级的人员占比,sql
公司的办公室布局图在哪里可以找到,rag
对比副总裁和副总裁在各部门的薪资差异,sql
能帮我看看哪个部门的绩效最好吗,sql
公司2024年的员工离职率是多少,sql
麻烦查一下行政部门副总裁的绩效如何,sql
公司的加班补偿政策是什么,rag
如何申请公司提供的教育补贴,rag
公司的停车场在哪里,sql
比较安全部门和安全部门的人均产值,sql
如何申请调岗,sql
公司的地址在哪里,rag
如何参与公司的创新项目,sql
公司2024年的培训预算使用了多少,sql
如何参与公司的创新项目,rag
公司的休假政策是什么,rag
查询培训发展部门的管理层结构,sql
公司的年终奖发放标准是什么,rag
如何申请公司的学习资源,rag
公司的停车场在哪里,rag
公司的使命和愿景是什么,rag
公司的产品线包括哪些产品,rag
帮我对比一下各部门2023年的业绩,sql
如何使用公司的电子签名系统,rag
如何提交产品改进建议,rag
如何使用公司的打印机和复印机,rag
如何获取公司的品牌标识使用指南,rag
公司有哪些福利待遇,rag
如何提交产品改进建议,rag
公司的股票代码是什么,rag
如何使用公司的打印机扫描功能,rag
计算公关部门2019年的人均培训时长,sql
公司的知识产权保护政策是什么,sql
对比市场营销部门和市场营销部门的项目成功率,sql
如何向IT部门报告技术问题,rag
公司的办公地点在哪里,rag
公司的安全出口在哪里,sql
公司的加班补偿政策是什么,rag
如何使用公司的共享单车福利,sql
查询公司2018年的产品销量排名,sql
如何获取公司的品牌资源和素材,sql
公司的IT支持电话是多少,sql
公司的停车场在哪里,rag
公司的知识产权保护政策是什么,rag
客户服务部门的平均工资是多少,sql
如何申请公司的学习资源,rag
公司的休假政策是什么,rag
如何使用公司的云盘系统,rag
分析客户服务部门2020年的成本结构,sql
帮我对比一下各部门2020年的业绩,sql
公司的年度体检政策是什么,rag
公司的紧急联系人是谁,rag
公司的年度体检政策是什么,sql
公司的团队建设活动有哪些,sql
如何参加公司的技术分享会,rag
查询公司2020年的国内外市场销售比例,sql
帮忙分析下2023年公司的业绩趋势,sql
如何获取公司的品牌标识使用指南,sql
公司的产品线包括哪些产品,rag
公司国际业务部门的绩效最高的员工是谁,sql
如何使用公司的内部知识库,rag
查看培训发展部门2018年的客户满意度,sql
公司的环保政策有哪些内容,rag
公司的防火演习流程是什么,rag
如何使用公司的云盘系统,sql
公司的年度体检政策是什么,rag
统计公关部门2022年各季度的业绩波动,sql
分析公司2018年各月度的收入支出情况,sql
公司培训发展部门的主管是谁,sql
公司的健康保险政策是什么,rag
公司的技术栈包括哪些内容,rag
如何申请调岗,rag
分析质量控制部门2024年的项目成功率,sql
分析市场营销部门2023年的绩效考核结果,sql
公司2019年的员工离职率是多少,sql
公司的员工心理健康支持项目有哪些,rag
如何使用公司的共享单车福利,sql
公司的信息安全培训内容是什么,rag
公司的WiFi密码是多少,rag
行政部门2020年第二季度的业绩如何,sql
能告诉我公司的发展历史吗,sql
公司的考勤制度是怎样的,rag
分析公司2023年各月度的收入支出情况,sql
公司各部门的人数分布情况是怎样的,sql
公司的主要竞争对手有哪些,rag
计算供应链部门2021年的人均培训时长,sql
公司的服务器维护时间是什么时候,rag
查询公司2023年的产品销量排名,sql
如何申请带薪休假,rag
查询公司2022年的国内外市场销售比例,sql
如何预订公司的会议室,rag
公司的防火演习流程是什么,rag
公司的防火演习流程是什么,sql
公司的员工手册在哪里可以找到,rag
分析设计部门2019年的成本结构,sql
公司的防火演习流程是什么,rag
公司数据分析部门的男女比例是多少,sql
如何申请带薪休假,sql
如何加入公司的员工俱乐部,rag
公司的绩效评估周期是怎样的,sql
公司的创始人是谁,rag
公司的防火演习流程是什么,sql
如何申请公司的法定节假日调休,rag
如何使用公司的打印机和复印机,sql
公司的员工心理健康支持项目有哪些,rag
计算国际业务部门2018年的人均培训时长,sql
请问2022年第四季度的销售额是多少,sql
请问2020年第一季度的销售额是多少,sql
公司的办公用品申请流程是什么,rag
如何使用公司的云盘系统,sql
如何获取公司的品牌标识使用指南,sql
查询公司2024年的产品销量排名,sql
公司的地址在哪里,rag
公司的停车场在哪里,sql
公司的试用期政策是什么,rag
公司的试用期政策是什么,rag
如何使用公司的健身房设施,rag
公司的使命和愿景是什么,rag
如何使用公司的打印机和复印机,rag
如何参加公司的技术分享会,rag
如何使用公司的会议预订系统,rag
统计销售部门2023年各季度的业绩波动,sql
公司的WiFi密码是多少,rag
公司的休假政策是什么,rag
公司的安全出口在哪里,sql
计算战略规划部门2022年的投资回报率,sql
如何申请在家办公,sql
公司的员工手册在哪里可以找到,rag
查看客户成功部门2021年的客户满意度,sql
公司的团队建设活动有哪些,rag
请问公司的病假政策是怎么规定的,rag
统计公司各部门的人才流失率,sql
如何申请公司的法定节假日调休,sql
如何使用公司的内部知识库,rag
信息技术部门2022年的人员流动率是多少,sql
统计运营部门2022年各季度的业绩波动,sql
统计采购部门不同职级的人员占比,sql
公司2021年的财务报表显示了什么,sql
统计物流部门不同职级的人员占比,sql
分析产品部门2024年的绩效考核结果,sql
公司的信息安全培训内容是什么,sql
如何获取公司的品牌标识使用指南,rag
公司2023年的营业额是多少,sql
公司的保密协议内容是什么,sql
帮我查一下公司的技术发展路线,sql
公司设计部门的绩效最高的员工是谁,sql
公司的产品线包括哪些产品,rag
公司2021年招聘了多少名新员工,sql
公司的加班餐补政策是什么,rag
公司的办公用品申请流程是什么,sql
统计公司各部门的人才流失率,sql
公司的停车场在哪里,sql
公司的数据安全政策有哪些规定,sql
公司的停车场在哪里,rag
公司的员工福利包括哪些内容,rag
公司的股票代码是什么,rag
帮忙分析下2022年公司的业绩趋势,sql
计算公关部门2021年的人均加班时长,sql
如何重置公司邮箱密码,rag
公司的IT支持电话是多少,rag
公司的员工福利包括哪些内容,rag
行政部门的项目数量是多少,sql
如何参与公司的社会责任项目,sql
公司的紧急联系人是谁,sql
公司的防火演习流程是什么,sql
如何提交产品改进建议,rag
如何参与公司的社会责任项目,rag
公司的防火演习流程是什么,rag
公司的办公用品申请流程是什么,rag
如何提交产品改进建议,rag
公司培训发展部门有多少人,sql
如何申请公司的资源访问权限,sql
公司的使命和愿景是什么,rag
我想了解一下公司的企业文化,rag
公司的绩效奖金如何计算,sql
分析设计部门2023年的项目成功率,sql
公司的年会一般什么时候举行,rag
公司的员工手册在哪里可以找到,sql
公司的安全出口在哪里,rag
查询公司2024年的产品销量排名,sql
公司2020年第四季度的利润是多少,sql
统计2022年公司的收入构成,sql
公司的试用期政策是什么,sql
如何获取公司的品牌标识使用指南,sql
公司的打卡时间是几点到几点,rag
公司2021年的税收支出是多少,sql
公司的加班补偿政策是什么,sql
公司的专利申请流程是什么,rag
如何获取公司的产品折扣,sql
公司的VPN如何连接,rag
公司的数据安全政策有哪些规定,sql
请问公司的病假政策是怎么规定的,rag
公司有哪些福利待遇,sql
公司的打卡时间是几点到几点,rag
对比助理和助理在各部门的薪资差异,sql
查询信息技术部门的管理层结构,sql
公司的差旅报销流程是什么,sql
公司的数据安全政策有哪些规定,sql
如何使用公司的内部沟通工具,rag
公司的IT支持电话是多少,rag
公司2023年第三季度的利润是多少,sql
帮我看看客户服务部门2019年的员工数量变化,sql
如何获取公司的品牌资源和素材,sql
如何申请公司的学习资源,rag
如何提交产品改进建议,sql
公司的健康保险政策是什么,rag
如何使用公司的内部沟通工具,rag
公司的试用期政策是什么,rag
公司的加班餐补政策是什么,sql
物流部门2024年的人员流动率是多少,sql
如何使用公司的快递收发服务,sql
统计公司2021年的市场份额变化,sql
分析设计部门2023年的绩效考核结果,sql
如何申请公司的内部转账,sql
公司的信息安全培训内容是什么,sql
查询公司2022年的产品销量排名,sql
分析市场营销部门的年龄结构,sql
帮我查一下公司的技术发展路线,rag
公司的信息安全培训内容是什么,sql
公司的办公用品申请流程是什么,rag
如何获取公司的产品折扣,sql
公司的健康保险政策是什么,rag
公司的远程工作政策是怎样的,sql
如何申请公司的报销流程,rag
帮我查一下公司的技术发展路线,rag
分析2023年公司的季度业绩波动,sql
如何提交产品改进建议,sql
公司的WiFi密码是多少,rag
如何使用公司的快递收发服务,rag
查询供应链部门的管理层结构,sql
如何使用公司的内部沟通工具,rag
如何重置公司内部系统密码,rag
公司财务部门有多少人,sql
公司的工作时间是怎么规定的,rag
如何使用公司的打印机,rag
如何申请调岗,sql
我想知道公司的培训体系,sql
如何申请调岗,rag
分析2021年和2021年公司营收的变化趋势,sql
如何参与公司的创新项目,rag
如何获取公司的产品折扣,rag
对比法务部门和法务部门的项目成功率,sql
统计公司2024年的市场份额变化,sql
公司的防火演习流程是什么,rag
公司的服务器维护时间是什么时候,rag
公司的年终奖发放标准是什么,rag
公司的数据安全政策有哪些规定,sql
公司的停车场在哪里,rag
查看物流部门2024年的客户满意度,sql
行政部门的分析师平均薪资是多少,sql
公司的信息安全培训内容是什么,sql
公司的WiFi密码是多少,rag
如何申请公司的法定节假日调休,rag
公司的紧急联系人是谁,sql
公司的数据安全政策有哪些规定,sql
公司的加班餐补政策是什么,rag
公司的服务器维护时间是什么时候,rag
公司的餐厅营业时间是什么时候,sql
公司的人工客服电话号码是多少,rag
统计公司2022年的研发投入占比,sql
公司的办公用品申请流程是什么,sql
公司的差旅报销流程是什么,sql
公司有哪些福利待遇,rag
如何参加公司的技术分享会,rag
公司的环保政策有哪些内容,sql
我想了解公司2019年的人员流动情况,sql
计算销售部门设计师的平均工作年限,sql
如何重置公司邮箱密码,rag
查询公司2024年的产品销量排名,sql
公司的团队建设活动有哪些,rag
公司的停车场在哪里,rag
请问2018年第三季度的销售额是多少,sql
公司的考勤制度是怎样的,rag
公司的打卡时间是几点到几点,rag
公司的安全出口在哪里,rag
我想知道公司的培训体系,sql
请问公司的病假政策是怎么规定的,rag
如何获取公司的产品折扣,rag
公司各部门的人数分布情况是怎样的,sql
公司的晋升机制是怎样的,rag
公司的办公用品申请流程是什么,rag
分析采购部门设计师的工作效率,sql
公司2021年的税收支出是多少,sql
帮我看看研发部门2023年的员工数量变化,sql
如何参与公司的创新项目,sql
公司的环保政策有哪些内容,sql
帮我看看销售部门2018年的员工数量变化,sql
公司的服务器维护时间是什么时候,rag
统计公司2023年的客户增长率,sql
公司的试用期政策是什么,rag
公司的远程工作政策是怎样的,sql
公司各部门的人数分布情况是怎样的,sql
公司的团队建设活动有哪些,sql
请问公司的病假政策是怎么规定的,sql
如何重置公司内部系统密码,sql
公司员工的平均年龄是多少,sql
公司的员工手册在哪里可以找到,sql
请问公司的病假政策是怎么规定的,rag
如何参加公司组织的培训课程,rag
公司的地址在哪里,rag
公司的主要竞争对手有哪些,rag
公司的工作时间是怎么规定的,rag
公司的停车场在哪里,rag
公司的环保政策有哪些内容,sql
如何提交产品改进建议,rag
统计一下人力资源部门的男女比例,sql
分析国际业务部门2019年的成本结构,sql
公司的专利申请流程是什么,sql
公司的年度体检政策是什么,sql
如何参与公司的社会责任项目,sql
我想了解公司的晋升通道,sql
我想知道公司的培训体系,rag
如何参加公司组织的培训课程,rag
计算采购部门2021年的投资回报率,sql
公司有哪些福利待遇,rag
计算设计部门2019年的投资回报率,sql
如何申请在家办公,rag
帮我看看运营部门2022年的员工数量变化,sql
公司的办公用品申请流程是什么,sql
如何申请公司的内部转岗,rag
如何申请公司提供的教育补贴,sql
公司设计部门的主管是谁,sql
我想了解公司2020年的人员流动情况,sql
公司的服务器维护时间是什么时候,rag
如何参与公司的创新项目,rag
公司的员工心理健康支持项目有哪些,sql
我想了解一下公司的企业文化,sql
如何申请公司提供的教育补贴,rag
如何使用公司的内部沟通工具,sql
分析2020年和2020年公司营收的变化趋势,sql
统计采购部门不同职级的人员占比,sql
公司的远程工作政策是怎样的,rag
公司行政部门的绩效最高的员工是谁,sql
统计销售部门不同职级的人员占比,sql
我想知道公司的培训体系,rag
公司的办公室布局图在哪里可以找到,rag
公司的专利申请流程是什么,sql
如何参与公司的创新项目,sql
公司内审部门有多少人,sql
公司的绩效评估周期是怎样的,rag
对比安全部门和安全部门的项目成功率,sql
计算产品部门2018年的人均培训时长,sql
分析2019年公司的季度业绩波动,sql
公司的WiFi密码是多少,rag
查一下物流部门2022年新招聘了多少人,sql
公司的绩效评估周期是怎样的,sql
如何申请调岗,rag
计算行政部门讲师的平均工作年限,sql
公司的员工福利包括哪些内容,sql
公司2024年的营业额是多少,sql
统计公司2018年的研发投入占比,sql
如何申请调岗,rag
如何申请公司的学习资源,rag
如何使用公司的快递收发服务,rag
分析战略规划部门的年龄结构,sql
能告诉我公司的发展历史吗,rag
如何使用公司的快递收发服务,rag
公司的紧急联系人是谁,rag
统计公司2021年的市场份额变化,sql
如何使用公司的内部沟通工具,sql
公司的健康保险政策是什么,rag
公司的员工福利包括哪些内容,sql
分析公司2020年各月度的收入支出情况,sql
如何加入公司的员工俱乐部,rag
公司的防火演习流程是什么,sql
公司的股票代码是什么,rag
如何预订公司的会议室,rag
公司的办公用品申请流程是什么,rag
计算销售部门2019年的人均加班时长,sql
产品部门的项目数量是多少,sql
如何使用公司的会议预订系统,rag
公司的使命和愿景是什么,rag
公司的WiFi密码是多少,sql
如何获取公司的品牌标识使用指南,rag
如何使用公司的打印机扫描功能,sql
我想知道公司的培训体系,sql
如何使用公司的云盘系统,rag
请问2019年第二季度的销售额是多少,sql
公司的防火演习流程是什么,rag
统计公司2024年的市场份额变化,sql
计算数据分析部门2021年的投资回报率,sql
公司员工的平均年龄是多少,sql
公司的远程工作政策是怎样的,sql
如何申请在家办公,sql
我想看看公司助理的分布情况,sql
麻烦查一下安全部门技术员的绩效如何,sql
公司的IT支持电话是多少,sql
公司的数据安全政策有哪些规定,rag
我需要知道研发部门的预算执行情况,sql
查询公关部门2018年的人员构成,sql
公司的办公用品申请流程是什么,rag
公司2024年的培训预算使用了多少,sql
如何使用公司的快递收发服务,sql
分析公关部门架构师的工作效率,sql
公司的创始人是谁,rag
供应链部门的项目完成率是多少,sql
公司各职级的薪资范围是什么,sql
我想了解公司的晋升通道,rag
公司2018年的培训预算使用了多少,sql
公司的年度体检政策是什么,rag
公司的创始人是谁,rag
统计公司2022年的客户增长率,sql
请问公司的病假政策是怎么规定的,rag
我需要知道战略规划部门的预算执行情况,sql
公司的办公用品申请流程是什么,rag
公司2019年的培训预算使用了多少,sql
公司的远程工作政策是怎样的,sql
能告诉我公司的发展历史吗,rag
公司的保密协议内容是什么,rag
公司的试用期政策是什么,sql
公司的绩效奖金如何计算,sql
如何加入公司的员工俱乐部,rag
如何使用公司的共享单车福利,rag
公司2024年的财务报表显示了什么,sql
计算采购部门2019年的人均加班时长,sql
能告诉我公司的发展历史吗,rag
公司的数据安全政策有哪些规定,rag
公司的休假政策是什么,rag
如何参加公司组织的培训课程,sql
公司的停车场在哪里,rag
如何使用公司的内部知识库,rag
公司的办公用品申请流程是什么,sql
公司的年度体检政策是什么,rag
如何使用公司的打印机和复印机,sql
能告诉我公司的发展历史吗,rag
公司的安全出口在哪里,sql
如何申请公司的资源访问权限,rag
公司采购部门的男女比例是多少,sql
对比客户服务部门和客户服务部门的项目成功率,sql
查询公司2021年的产品销量排名,sql
公司的创始人是谁,rag
公司的专利申请流程是什么,sql
如何申请在家办公,rag
公司的远程工作政策是怎样的,rag
公司的数据安全政策有哪些规定,rag
公司的绩效评估周期是怎样的,rag
公司员工的平均年龄是多少,sql
如何使用公司的健身房设施,rag
我想知道公司的培训体系,rag
能告诉我公司的发展历史吗,sql
如何申请公司的法定节假日调休,rag
分析供应链部门专员的工作效率,sql
如何使用公司的快递收发服务,sql
公司2020年第三季度的利润是多少,sql
分析运营部门的年龄结构,sql
如何使用公司的共享单车福利,rag
如何参加公司的技术分享会,rag
公司各部门的人数分布情况是怎样的,sql
如何使用公司的云盘系统,rag
公司的绩效奖金如何计算,sql
公司的绩效奖金如何计算,sql
公司的年度体检政策是什么,rag
统计一下产品部门的男女比例,sql
如何重置公司邮箱密码,rag
我想了解公司的晋升通道,sql
公司的餐厅营业时间是什么时候,rag
市场营销部门的平均工资是多少,sql
如何使用公司的共享单车福利,sql
如何获取公司的品牌资源和素材,rag
如何使用公司的会议预订系统,rag
如何参加公司的技术分享会,sql
分析物流部门2022年的绩效考核结果,sql
信息技术部门2018年第一季度的业绩如何,sql
公司的打卡时间是几点到几点,sql
能告诉我2021年公司的盈利情况吗,sql
公司的IT支持电话是多少,rag
公司的专利申请流程是什么,rag
公司的服务器维护时间是什么时候,rag
公司的餐厅营业时间是什么时候,sql
公司的年度体检政策是什么,sql
公司的WiFi密码是多少,rag
如何申请公司的法定节假日调休,rag
公司的餐厅营业时间是什么时候,rag
公司的股票代码是什么,rag
公司有哪些福利待遇,rag
公司的团队建设活动有哪些,sql
公司的年度体检政策是什么,rag
计算设计部门主管的平均工作年限,sql
公司的办公室布局图在哪里可以找到,rag
公司2019年的员工离职率是多少,sql
公司的产品线包括哪些产品,rag
如何使用公司的电子签名系统,rag
我需要知道信息技术部门的预算执行情况,sql
统计一下国际业务部门的男女比例,sql
如何使用公司的会议预订系统,sql
公司的知识产权保护政策是什么,rag
对比采购部门和采购部门的项目成功率,sql
我需要知道行政部门的预算执行情况,sql
公司的安全出口在哪里,sql
公司2020年的税收支出是多少,sql
公司的股票代码是什么,rag
公司的打卡时间是几点到几点,rag
公司的数据安全政策有哪些规定,rag
能告诉我公司的发展历史吗,rag
分析培训发展部门讲师的工作效率,sql
公司的创始人是谁,rag
查询销售部门2019年的人员构成,sql
财务部门的实习生平均薪资是多少,sql
统计公司各部门的人才流失率,sql
如何获取公司的产品折扣,sql
如何加入公司的员工俱乐部,rag
如何加入公司的员工俱乐部,rag
公司的IT支持电话是多少,rag
请问2019年第四季度的销售额是多少,sql
公司的信息安全培训内容是什么,rag
请问公司的病假政策是怎么规定的,rag
公司的防火演习流程是什么,rag
公司2019年的财务报表显示了什么,sql
公司的产品线包括哪些产品,rag
公司的绩效奖金如何计算,sql
公司的办公用品申请流程是什么,rag
如何使用公司的云盘系统,rag
我想知道公司的培训体系,sql
对比产品部门和产品部门的项目成功率,sql
如何申请公司的资源访问权限,rag
公司的试用期政策是什么,rag
公司目前有多少名顾问职位的员工,sql
如何申请公司的报销流程,rag
如何获取公司的品牌标识使用指南,rag
我想了解公司的晋升通道,rag
公司的服务器维护时间是什么时候,rag
如何申请调岗,rag
公司的员工手册在哪里可以找到,rag
公司的技术栈包括哪些内容,rag
如何使用公司的内部沟通工具,rag
公司的信息安全培训内容是什么,rag
公司的IT支持电话是多少,rag
帮我看看质量控制部门2023年的员工数量变化,sql
公司的办公用品申请流程是什么,sql
公司行政部门的绩效最高的员工是谁,sql
查一下采购部门2018年新招聘了多少人,sql
公司的技术栈包括哪些内容,sql
如何使用公司的打印机和复印机,rag
如何获取公司的产品折扣,rag
公司的绩效奖金如何计算,sql
如何参与公司的社会责任项目,sql
公司2020年第二季度的利润是多少,sql
公司的股票代码是什么,rag
公司的员工心理健康支持项目有哪些,sql
公司的知识产权保护政策是什么,sql
如何参与公司的创新项目,sql
我想了解一下公司的企业文化,rag
我想了解一下公司的企业文化,rag
分析2022年和2022年公司营收的变化趋势,sql
统计2018年公司的收入构成,sql
统计设计部门2024年各季度的业绩波动,sql
公司的健康保险政策是什么,rag
公司的办公室布局图在哪里可以找到,rag
如何申请公司的内部转账,rag
麻烦查一下行政部门副总裁的绩效如何,sql
公司的考勤制度是怎样的,sql
帮我查一下公司的技术发展路线,rag
国际业务部门的平均工资是多少,sql
如何申请调岗,rag
分析产品部门的年龄结构,sql
如何使用公司的云盘系统,rag
公司的年度体检政策是什么,sql
公司产品部门的男女比例是多少,sql
分析研发部门的年龄结构,sql
公司的环保政策有哪些内容,rag
统计产品部门不同职级的人员占比,sql
分析2018年和2018年公司营收的变化趋势,sql
公司的办公室布局图在哪里可以找到,rag
公司的绩效奖金如何计算,rag
公司的团队建设活动有哪些,sql
公司有哪些福利待遇,rag
公司的紧急联系人是谁,rag
如何重置公司内部系统密码,rag
公司物流部门的男女比例是多少,sql
如何使用公司的云盘系统,rag
给我看看安全部门的组织架构,sql
公司的餐厅营业时间是什么时候,rag
我想了解一下公司的企业文化,sql
如何使用公司的云盘系统,rag
公司的绩效奖金如何计算,rag
请问公司的病假政策是怎么规定的,rag
如何使用公司的云盘系统,rag
如何使用公司的快递收发服务,rag
公司的使命和愿景是什么,rag
公司的绩效奖金如何计算,sql
如何申请公司的学习资源,sql
我想了解一下公司的企业文化,rag
我想了解一下行政部门的人员结构,sql
如何获取公司的产品折扣,rag
统计公司2021年各部门的预算使用情况,sql
如何使用公司的电子签名系统,rag
公司的防火演习流程是什么,rag
公司的紧急联系人是谁,rag
公司运营部门的主管是谁,sql
计算法务部门2021年的投资回报率,sql
如何申请带薪休假,sql
如何使用公司的快递收发服务,sql
如何使用公司的会议预订系统,rag
如何参加公司的技术分享会,rag
统计公司2020年各部门的预算使用情况,sql
公司的IT支持电话是多少,rag
给我看看行政部门的组织架构,sql
公司的休假政策是什么,rag
统计公司2024年的市场份额变化,sql
如何使用公司的会议预订系统,rag
公司的主要竞争对手有哪些,rag
销售部门的研究员平均薪资是多少,sql
我想了解一下公司各部门的人员分布,sql
公司的信息安全培训内容是什么,sql
公司的绩效奖金如何计算,rag
分析公关部门2020年至2020年的人员变化,sql
公司的停车场在哪里,rag
我需要知道公关部门的预算执行情况,sql
行政部门的项目完成率是多少,sql
请问2019年第一季度的销售额是多少,sql
如何获取公司的品牌资源和素材,sql
如何使用公司的内部沟通工具,rag
如何使用公司的内部沟通工具,rag
如何申请公司的内部转岗,sql
公司的安全出口在哪里,rag
公司法务部门的绩效最高的员工是谁,sql
分析国际业务部门的年龄结构,sql
麻烦查一下市场营销部门实习生的绩效如何,sql
比较市场营销部门和市场营销部门的人均产值,sql
分析公司2019年各月度的收入支出情况,sql
如何使用公司的共享单车福利,sql
对比设计师和设计师在各部门的薪资差异,sql
公司的主要竞争对手有哪些,rag
公司的年终奖发放标准是什么,rag
公司的差旅报销流程是什么,sql
分析产品部门的年龄结构,sql
如何参与公司的社会责任项目,rag
分析运营部门2019年至2019年的人员变化,sql
公司的差旅报销流程是什么,rag
公司的年度体检政策是什么,sql
如何使用公司的打印机扫描功能,rag
公司的专利申请流程是什么,rag
公司的远程工作政策是怎样的,rag
如何使用公司的健身房设施,rag
公司的保密协议内容是什么,rag
如何申请公司提供的教育补贴,sql
我想知道公司的培训体系,sql
如何使用公司的打印机扫描功能,rag
公司的防火演习流程是什么,rag
公司的年度体检政策是什么,sql
如何重置公司邮箱密码,rag
分析供应链部门2019年的绩效考核结果,sql
如何使用公司的打印机和复印机,rag
分析2021年和2021年公司营收的变化趋势,sql
如何使用公司的云盘系统,rag
公司的年度体检政策是什么,rag
请问2022年第三季度的销售额是多少,sql
公司2019年第三季度的利润是多少,sql
如何使用公司的快递收发服务,sql
如何参与公司的创新项目,sql
如何申请在家办公,rag
如何使用公司的电子签名系统,rag
如何参加公司的技术分享会,sql
如何申请在家办公,rag
公司的员工手册在哪里可以找到,rag
公司2021年第三季度的利润是多少,sql
如何使用公司的内部知识库,rag
公司的数据安全政策有哪些规定,sql
公司的技术栈包括哪些内容,rag
如何使用公司的云盘系统,rag
如何使用公司的云盘系统,rag
公司的WiFi密码是多少,sql
公司的加班餐补政策是什么,rag
请问公司的病假政策是怎么规定的,rag
给我统计一下公司各部门的人均薪资,sql
公司的IT支持电话是多少,rag
公司的绩效奖金如何计算,sql
物流部门2018年的人员流动率是多少,sql
公司的差旅报销流程是什么,sql
计算安全部门讲师的平均工作年限,sql
统计公司2020年的研发投入占比,sql
我想了解一下公司的企业文化,sql
公司的技术栈包括哪些内容,sql
公司的IT支持电话是多少,rag
对比主管和主管在各部门的薪资差异,sql
公司安全部门的男女比例是多少,sql
公司的办公室布局图在哪里可以找到,rag
如何使用公司的健身房设施,sql
如何预订公司的会议室,rag
公司的年终奖发放标准是什么,rag
公司的远程工作政策是怎样的,rag
公司的员工心理健康支持项目有哪些,sql
如何参与公司的创新项目,rag
如何使用公司的电子签名系统,sql
如何获取公司的品牌资源和素材,rag
如何获取公司的品牌标识使用指南,rag
公司的创始人是谁,rag
公司的年会一般什么时候举行,sql
如何参与公司的创新项目,sql
对比公关部门和公关部门的项目成功率,sql
计算公司2020年的人均产值,sql
公司的办公用品申请流程是什么,rag
如何申请调岗,rag
公司的专利申请流程是什么,sql
公司的知识产权保护政策是什么,rag
我想了解一下客户服务部门的人员结构,sql
如何申请公司的资源访问权限,sql
数据分析部门的讲师平均薪资是多少,sql
公司的服务器维护时间是什么时候,rag
公司的团队建设活动有哪些,rag
我想了解公司2020年的人员流动情况,sql
公司的晋升机制是怎样的,rag
如何参加公司的技术分享会,sql
计算市场营销部门2022年的投资回报率,sql
帮忙分析下2018年公司的业绩趋势,sql
如何使用公司的电子签名系统,sql
查询数据分析部门的管理层结构,sql
公司的办公用品申请流程是什么,rag
我想了解公司的晋升通道,rag
比较市场营销部门和市场营销部门的人均产值,sql
我想了解公司的晋升通道,rag
公司的主要竞争对手有哪些,rag
公司的数据安全政策有哪些规定,rag
如何使用公司的打印机和复印机,rag
如何申请带薪休假,sql
如何申请公司的内部转账,rag
公司的绩效评估周期是怎样的,rag
查询公司2018年的产品销量排名,sql
如何申请带薪休假,rag
公司2021年的员工离职率是多少,sql
帮我查一下公司的技术发展路线,rag
公司的晋升机制是怎样的,rag
如何申请带薪休假,sql
如何使用公司的打印机和复印机,sql
公司人力资源部门的男女比例是多少,sql
公司的考勤制度是怎样的,rag
公司的考勤制度是怎样的,rag
分析国际业务部门2021年的成本结构,sql
公司的餐厅营业时间是什么时候,sql
如何使用公司的内部知识库,rag
公司的员工手册在哪里可以找到,sql
公司的环保政策有哪些内容,sql
如何使用公司的共享单车福利,rag
如何加入公司的员工俱乐部,rag
公司的知识产权保护政策是什么,rag
如何使用公司的内部沟通工具,rag
如何申请公司的资源访问权限,rag
如何参与公司的创新项目,sql
公司2024年的财务报表显示了什么,sql
给我统计一下公司各部门的人均薪资,sql
公司的员工福利包括哪些内容,sql
查看培训发展部门2020年的客户满意度,sql
公司的年终奖发放标准是什么,rag
公司的产品线包括哪些产品,rag
如何使用公司的打印机扫描功能,rag
如何申请在家办公,rag
公司的停车场在哪里,sql
公司的信息安全培训内容是什么,sql
公司的年会一般什么时候举行,rag
公司的防火演习流程是什么,rag
公司的环保政策有哪些内容,sql
公司的防火演习流程是什么,rag
公司的地址在哪里,rag
如何参加公司的技术分享会,sql
安全部门的项目数量是多少,sql
公司的知识产权保护政策是什么,sql
公司的IT支持电话是多少,rag
公司的技术栈包括哪些内容,rag
如何参加公司的技术分享会,rag
公司有哪些福利待遇,rag
如何使用公司的云盘系统,rag
公司的保密协议内容是什么,rag
如何使用公司的快递收发服务,sql
如何向IT部门报告技术问题,rag
比较法务部门和法务部门的人均产值,sql
公司的绩效评估周期是怎样的,rag
公司2022年招聘了多少名新员工,sql
公司的停车场在哪里,sql
如何申请公司提供的教育补贴,rag
请问公司的病假政策是怎么规定的,rag
给我看看质量控制部门的组织架构,sql
计算数据分析部门2020年的人均培训时长,sql
公司的工作时间是怎么规定的,rag
统计2018年公司的收入构成,sql
我想了解公司的晋升通道,sql
公司的工作时间是怎么规定的,rag
公司的绩效奖金如何计算,sql
培训发展部门的项目完成率是多少,sql
如何使用公司的健身房设施,sql
帮我查一下公司的技术发展路线,rag
公司的绩效奖金如何计算,rag
如何参加公司的技术分享会,rag
公司的加班餐补政策是什么,rag
公司有哪些福利待遇,rag
公司的远程工作政策是怎样的,rag
客户服务部门的主管平均薪资是多少,sql
如何申请公司的学习资源,rag
如何申请带薪休假,sql
公司的绩效评估周期是怎样的,rag
如何预订公司的会议室,rag
公司的紧急联系人是谁,rag
如何预订公司的会议室,rag
公司的加班餐补政策是什么,sql
采购部门的项目数量是多少,sql
统计一下国际业务部门的男女比例,sql
公司的安全出口在哪里,sql
公司的使命和愿景是什么,rag
公司的地址在哪里,rag
如何申请公司的内部转岗,rag
对比质量控制部门和质量控制部门的项目成功率,sql
公司的安全出口在哪里,sql
能告诉我公司的发展历史吗,rag
公司的知识产权保护政策是什么,sql
如何参与公司的创新项目,rag
公司的打卡时间是几点到几点,rag
如何申请带薪休假,sql
如何申请公司的内部转账,rag
查一下信息技术部门2022年新招聘了多少人,sql
帮我查一下公司的技术发展路线,rag
如何申请公司的内部转岗,sql
公司的知识产权保护政策是什么,rag
公司的员工心理健康支持项目有哪些,sql
公司的信息安全培训内容是什么,rag
公司的数据安全政策有哪些规定,rag
公司的员工手册在哪里可以找到,rag
统计内审部门不同职级的人员占比,sql
公司的紧急联系人是谁,sql
对比顾问和顾问在各部门的薪资差异,sql
如何参与公司的创新项目,rag
帮忙分析下2023年公司的业绩趋势,sql
公司的加班餐补政策是什么,rag
公司2022年的税收支出是多少,sql
公司安全部门的主管是谁,sql
公司客户成功部门有多少人,sql
如何获取公司的产品折扣,rag
如何申请公司的法定节假日调休,sql
公司的防火演习流程是什么,rag
公司的数据安全政策有哪些规定,rag
公司的绩效评估周期是怎样的,rag
设计部门的项目完成率是多少,sql
公司的健康保险政策是什么,rag
公司的产品线包括哪些产品,rag
公司的紧急联系人是谁,sql
公司的餐厅营业时间是什么时候,rag
公司的数据安全政策有哪些规定,rag
如何申请公司的法定节假日调休,rag
公司的IT支持电话是多少,rag
帮我查一下公司的技术发展路线,rag
公司数据分析部门的男女比例是多少,sql
能告诉我2021年公司的盈利情况吗,sql
公司培训发展部门的主管是谁,sql
公司的使命和愿景是什么,rag
公司的考勤制度是怎样的,rag
分析2022年公司的季度业绩波动,sql
公司的人工客服电话号码是多少,rag
如何申请在家办公,sql
公司的晋升机制是怎样的,rag
如何参加公司的技术分享会,sql
如何申请带薪休假,sql
如何重置公司邮箱密码,rag
如何向IT部门报告技术问题,rag
公司的餐厅营业时间是什么时候,rag
公司的员工心理健康支持项目有哪些,rag
我想知道公司的培训体系,rag
公司的环保政策有哪些内容,rag
公司的IT支持电话是多少,rag
公司的信息安全培训内容是什么,rag
如何申请带薪休假,rag
如何使用公司的内部知识库,rag
公司的远程工作政策是怎样的,rag
公司的停车场在哪里,sql
公司的员工手册在哪里可以找到,rag
公司的团队建设活动有哪些,rag
如何申请调岗,rag
如何使用公司的电子签名系统,rag
公司的餐厅营业时间是什么时候,rag
公司的地址在哪里,rag
查询培训发展部门的管理层结构,sql
公司2021年第一季度的利润是多少,sql
如何获取公司的产品折扣,rag
帮我看看质量控制部门2021年的员工数量变化,sql
公司的餐厅营业时间是什么时候,rag
如何提交产品改进建议,rag
公司的保密协议内容是什么,sql
如何参与公司的创新项目,rag
公司的员工手册在哪里可以找到,sql
公司国际业务部门的绩效最高的员工是谁,sql
如何申请公司提供的教育补贴,rag
公司的知识产权保护政策是什么,rag
公司的保密协议内容是什么,sql
计算研发部门2024年的投资回报率,sql
查询行政部门的管理层结构,sql
公司的数据安全政策有哪些规定,rag
分析安全部门主管的工作效率,sql
公司的考勤制度是怎样的,sql
公司的健康保险政策是什么,rag
公司的绩效奖金如何计算,sql
我想了解一下公司的企业文化,rag
如何获取公司的品牌标识使用指南,sql
如何使用公司的云盘系统,rag
如何申请公司的电脑设备,rag
如何使用公司的健身房设施,sql
如何获取公司的品牌标识使用指南,rag
如何使用公司的云盘系统,rag
帮我查一下公司的技术发展路线,rag
如何参与公司的创新项目,rag
公司2020年招聘了多少名新员工,sql
如何申请公司的报销流程,rag
如何申请调岗,rag
如何申请带薪休假,rag
公司的使命和愿景是什么,rag
我想了解一下研发部门的人员结构,sql
查询市场营销部门2020年的人员构成,sql
公司的VPN如何连接,rag
公司2023年的员工离职率是多少,sql
能告诉我公司的发展历史吗,sql
如何获取公司的品牌标识使用指南,sql
公司的服务器维护时间是什么时候,rag
公司的信息安全培训内容是什么,rag
公司的远程工作政策是怎样的,rag
公司的安全出口在哪里,rag
如何参加公司的技术分享会,rag
如何使用公司的电子签名系统,sql
我想看看公司讲师的分布情况,sql
我想了解公司2019年的人员流动情况,sql
如何获取公司的品牌资源和素材,rag
公司2024年的员工离职率是多少,sql
我想了解一下内审部门的人员结构,sql
查询公司2020年的产品销量排名,sql
查询公司2021年的国内外市场销售比例,sql
公司的专利申请流程是什么,sql
我想知道公司的培训体系,sql
公司的产品线包括哪些产品,rag
如何使用公司的云盘系统,sql
公司的远程工作政策是怎样的,rag
公司2018年第三季度的利润是多少,sql
如何使用公司的打印机扫描功能,rag
帮我看一下我们公司的男女比例,sql
如何使用公司的快递收发服务,sql
我想了解公司的晋升通道,rag
如何申请调岗,rag
公司各部门的人数分布情况是怎样的,sql
公司的健康保险政策是什么,rag
公司的数据安全政策有哪些规定,rag
比较财务部门和财务部门的人均产值,sql
如何使用公司的会议预订系统,rag
如何使用公司的打印机扫描功能,sql
如何使用公司的电子签名系统,sql
公司的防火演习流程是什么,rag
公司的办公用品申请流程是什么,sql
公司的健康保险政策是什么,rag
公司各职级的薪资范围是什么,sql
如何申请公司的内部转账,rag
公司的加班餐补政策是什么,sql
如何申请公司的内部转岗,sql
我想了解一下公司的企业文化,rag
公司的试用期政策是什么,sql
如何参加公司的技术分享会,sql
查询副总裁在各部门的分布情况,sql
公司2024年的营业额是多少,sql
给我统计一下公司各部门的人均薪资,sql
公司的绩效评估周期是怎样的,rag
如何提交产品改进建议,sql
能告诉我公司的发展历史吗,rag
如何使用公司的云盘系统,rag
帮我对比一下各部门2024年的业绩,sql
查询公司2020年不同产品线的销售占比,sql
查询客户服务部门的管理层结构,sql
查一下物流部门2024年新招聘了多少人,sql
如何获取公司的品牌标识使用指南,sql
查询公司总监的晋升周期,sql
我想了解一下公司的企业文化,rag
如何重置公司内部系统密码,rag
我需要知道公关部门的预算执行情况,sql
公司有哪些福利待遇,rag
分析战略规划部门2020年至2020年的人员变化,sql
帮我对比一下各部门2019年的业绩,sql
统计公司2020年的客户增长率,sql
如何参与公司的社会责任项目,rag
公司的服务器维护时间是什么时候,rag
帮我对比一下各部门2022年的业绩,sql
计算物流部门2023年的投资回报率,sql
如何使用公司的打印机和复印机,rag
公司的绩效奖金如何计算,rag
如何使用公司的共享单车福利,rag
能告诉我公司的发展历史吗,sql
如何预订公司的会议室,rag
统计公司2023年的市场份额变化,sql
公司的股票代码是什么,rag
如何申请公司的报销流程,rag
帮我查一下公司的技术发展路线,rag
公司的数据安全政策有哪些规定,rag
公司的VPN如何连接,sql
如何使用公司的内部沟通工具,sql
如何申请公司的内部转岗,rag
统计一下客户成功部门的男女比例,sql
公司的停车场在哪里,rag
公司的健康保险政策是什么,rag
我想了解公司的晋升通道,sql
如何申请公司提供的教育补贴,sql
公司的信息安全培训内容是什么,sql
如何申请带薪休假,sql
公司的地址在哪里,rag
公司的打卡时间是几点到几点,rag
如何获取公司的品牌标识使用指南,sql
如何使用公司的共享单车福利,rag
帮忙分析下2019年公司的业绩趋势,sql
公司的办公用品申请流程是什么,rag
公司的知识产权保护政策是什么,rag
计算数据分析部门2023年的人均加班时长,sql
如何获取公司的品牌标识使用指南,rag
公司的办公室布局图在哪里可以找到,rag
公司的股票代码是什么,rag
如何申请公司的学习资源,rag
如何使用公司的打印机扫描功能,rag
公司的技术栈包括哪些内容,rag
公司的晋升机制是怎样的,rag
如何参加公司的技术分享会,sql
能告诉我销售部门的平均工资吗,sql
公司的餐厅营业时间是什么时候,sql
给我看看运营部门的组织架构,sql
如何使用公司的会议预订系统,rag
公司的主要竞争对手有哪些,rag
计算财务部门2021年的人均培训时长,sql
如何申请带薪休假,rag
我想了解一下公司的企业文化,rag
如何提交产品改进建议,rag
如何使用公司的内部知识库,rag
公司信息技术部门的主管是谁,sql
如何申请公司提供的教育补贴,rag
公司的专利申请流程是什么,sql
如何申请公司提供的教育补贴,sql
统计公司2018年各部门的预算使用情况,sql
研发部门的平均工资是多少,sql
麻烦查一下安全部门测试员的绩效如何,sql
公司的办公室布局图在哪里可以找到,rag
如何预订公司的会议室,rag
如何参与公司的社会责任项目,rag
如何使用公司的电子签名系统,rag
查询公司2023年各季度的利润率变化,sql
如何申请公司的内部转岗,rag
公司的保密协议内容是什么,rag
分析供应链部门2021年至2021年的人员变化,sql
统计公司各部门的人才流失率,sql
公司的防火演习流程是什么,sql
查询公司2021年各季度的利润率变化,sql
公司的加班餐补政策是什么,rag
公司的员工心理健康支持项目有哪些,rag
如何使用公司的打印机和复印机,rag
如何使用公司的打印机扫描功能,sql
公司的团队建设活动有哪些,rag
公司的打卡时间是几点到几点,rag
公司的安全出口在哪里,sql
公司的股票代码是什么,rag
公司目前有多少名专员职位的员工,sql
计算质量控制部门讲师的平均工作年限,sql
请问公司的病假政策是怎么规定的,sql
如何重置公司内部系统密码,sql
公司的员工手册在哪里可以找到,rag
如何申请调岗,rag
查看行政部门2022年的客户满意度,sql
公司的晋升机制是怎样的,rag
对比助理和助理在各部门的薪资差异,sql
公司的环保政策有哪些内容,rag
请问公司的病假政策是怎么规定的,sql
如何申请公司的学习资源,rag
公司的办公用品申请流程是什么,sql
公司的IT支持电话是多少,rag
公司的年终奖发放标准是什么,rag
公司的IT支持电话是多少,sql
公司的加班餐补政策是什么,rag
如何重置公司内部系统密码,rag
公司有哪些福利待遇,rag
公司的年度体检政策是什么,rag
查询公司2022年的国内外市场销售比例,sql
如何申请调岗,rag
公司行政部门的绩效最高的员工是谁,sql
公司的数据安全政策有哪些规定,sql
如何申请调岗,rag
如何参与公司的创新项目,rag
公司2018年的税收支出是多少,sql
我想了解一下物流部门的人员结构,sql
如何申请调岗,sql
请问公司的病假政策是怎么规定的,rag
公司的员工福利包括哪些内容,sql
公司的加班餐补政策是什么,rag
如何获取公司的品牌资源和素材,sql
如何申请公司的资源访问权限,rag
公司的地址在哪里,rag
公司的健康保险政策是什么,rag
帮忙分析下2020年公司的业绩趋势,sql
如何申请公司的内部转岗,rag
计算人力资源部门技术员的平均工作年限,sql
公司的绩效奖金如何计算,rag
帮我对比一下各部门2021年的业绩,sql
查询公司2024年的产品销量排名,sql
公司的晋升机制是怎样的,rag
如何申请公司提供的教育补贴,rag
查一下财务部门2018年新招聘了多少人,sql
公司的安全出口在哪里,sql
公司的差旅报销流程是什么,sql
公司的远程工作政策是怎样的,sql
帮我查一下公司的技术发展路线,sql
如何申请公司的资源访问权限,rag
公司的试用期政策是什么,sql
计算公关部门讲师的平均工作年限,sql
如何参与公司的社会责任项目,rag
对比采购部门和采购部门的项目成功率,sql
公司的绩效奖金如何计算,rag
帮我查一下公司的技术发展路线,sql
如何申请公司的内部转岗,rag
产品部门的平均工资是多少,sql
如何申请公司的学习资源,rag
计算运营部门2018年的人均加班时长,sql
帮我查一下公司的技术发展路线,rag
公司的服务器维护时间是什么时候,rag
公司2022年的营业额是多少,sql
如何使用公司的共享单车福利,rag
公司的员工手册在哪里可以找到,sql
公司的股票代码是什么,rag
如何申请公司的内部转岗,sql
公司的打卡时间是几点到几点,sql
如何使用公司的打印机扫描功能,rag
统计公司2021年的客户增长率,sql
公司的专利申请流程是什么,rag
如何申请在家办公,rag
公司的年会一般什么时候举行,rag
公司的停车场在哪里,rag
查询公司2021年不同产品线的销售占比,sql
公司的使命和愿景是什么,rag
公司的创始人是谁,rag
查看培训发展部门2021年的客户满意度,sql
如何申请公司的内部转岗,sql
查询讲师在各部门的分布情况,sql
公司的考勤制度是怎样的,rag
公司的知识产权保护政策是什么,sql
统计公司2024年的研发投入占比,sql
公司的试用期政策是什么,sql
数据分析部门2020年的人员流动率是多少,sql
公司的绩效评估周期是怎样的,rag
公司的晋升机制是怎样的,rag
分析公司2021年各月度的收入支出情况,sql
公司的保密协议内容是什么,rag
公司2022年的员工离职率是多少,sql
计算物流部门2023年的人均培训时长,sql
如何使用公司的内部知识库,rag
公司的专利申请流程是什么,rag
公司的员工福利包括哪些内容,rag
公司2018年的培训预算使用了多少,sql
公司的数据安全政策有哪些规定,sql
如何申请公司的内部转岗,rag
公司的办公室布局图在哪里可以找到,rag
公司的技术栈包括哪些内容,sql
产品部门的经理平均薪资是多少,sql
公司的年度体检政策是什么,rag
如何申请在家办公,sql
如何使用公司的云盘系统,rag
公司的环保政策有哪些内容,rag
公司的专利申请流程是什么,sql
公司的WiFi密码是多少,sql
公司的保密协议内容是什么,sql
查询公司2024年各季度的利润率变化,sql
如何提交产品改进建议,sql
国际业务部门的平均工资是多少,sql
公司的加班补偿政策是什么,sql
我想了解公司的晋升通道,rag
如何参与公司的社会责任项目,rag
公司的考勤制度是怎样的,sql
如何提交产品改进建议,rag
如何使用公司的打印机和复印机,sql
请问公司的病假政策是怎么规定的,rag
国际业务部门的平均工资是多少,sql
如何使用公司的共享单车福利,rag
公司的使命和愿景是什么,rag
如何使用公司的会议预订系统,rag
如何使用公司的共享单车福利,sql
如何使用公司的内部沟通工具,sql
公司的试用期政策是什么,rag
如何申请调岗,sql
公司的安全出口在哪里,rag
如何加入公司的员工俱乐部,rag
公司的远程工作政策是怎样的,sql
公司的员工福利包括哪些内容,rag
公司的晋升机制是怎样的,rag
公司的知识产权保护政策是什么,sql
公司的绩效评估周期是怎样的,sql
公司的绩效奖金如何计算,sql
公司的环保政策有哪些内容,sql
能告诉我2018年公司的盈利情况吗,sql
公司研发部门的绩效最高的员工是谁,sql
公司的专利申请流程是什么,rag
给我统计一下公司各部门的人均薪资,sql
公司的服务器维护时间是什么时候,rag
公司的差旅报销流程是什么,sql
公司的地址在哪里,rag
公司的办公用品申请流程是什么,sql
如何预订公司的会议室,rag
如何申请公司的资源访问权限,sql
公司的团队建设活动有哪些,sql
如何参与公司的创新项目,rag
统计公司2020年的客户增长率,sql
公司的安全出口在哪里,rag
帮忙分析下2020年公司的业绩趋势,sql
公司的员工心理健康支持项目有哪些,rag
公司的知识产权保护政策是什么,rag
统计公司2018年各部门的预算使用情况,sql
如何获取公司的产品折扣,rag
公司的办公用品申请流程是什么,rag
如何使用公司的打印机扫描功能,rag
如何申请带薪休假,rag
公司的差旅报销流程是什么,sql
我想了解一下公司的企业文化,rag
如何重置公司邮箱密码,rag
公司2020年的员工离职率是多少,sql
公司的工作时间是怎么规定的,rag
公司的技术栈包括哪些内容,rag
如何获取公司的产品折扣,rag
公司的技术栈包括哪些内容,rag
如何提交产品改进建议,rag
公司的防火演习流程是什么,sql
如何获取公司的品牌标识使用指南,sql
统计一下设计部门的男女比例,sql
如何申请公司的报销流程,rag
如何使用公司的云盘系统,rag
公司的知识产权保护政策是什么,rag
公司的安全出口在哪里,sql
公司的VPN如何连接,rag
如何参加公司组织的培训课程,sql
公司目前有多少名测试员职位的员工,sql
如何使用公司的健身房设施,rag
如何参与公司的创新项目,rag
统计公司2024年的客户增长率,sql
如何获取公司的品牌标识使用指南,sql
公司的IT支持电话是多少,rag
查看法务部门2019年的客户满意度,sql
公司的打卡时间是几点到几点,rag
计算采购部门2020年的人均加班时长,sql
公司市场营销部门有多少人,sql
如何申请公司的法定节假日调休,rag
公司的服务器维护时间是什么时候,rag
公司的员工心理健康支持项目有哪些,rag
公司的工作时间是怎么规定的,rag
统计2022年公司的收入构成,sql
我想了解一下公司的企业文化,rag
我想知道公司的培训体系,sql
统计公司2021年的研发投入占比,sql
我想看看公司技术员的分布情况,sql
公司的加班餐补政策是什么,rag
公司的停车场在哪里,rag
公司的专利申请流程是什么,rag
如何加入公司的员工俱乐部,rag
公司的员工福利包括哪些内容,sql
如何使用公司的打印机和复印机,rag
如何使用公司的打印机和复印机,sql
公司的地址在哪里,rag
如何申请调岗,sql
如何提交产品改进建议,rag
公司的试用期政策是什么,sql
公司的加班补偿政策是什么,rag
能告诉我公司的发展历史吗,rag
公司的信息安全培训内容是什么,sql
公司的数据安全政策有哪些规定,rag
公司的员工福利包括哪些内容,rag
统计一下设计部门的男女比例,sql
公司的员工手册在哪里可以找到,sql
公司的员工心理健康支持项目有哪些,rag
公司的技术栈包括哪些内容,rag
公司有哪些福利待遇,rag
公司的远程工作政策是怎样的,sql
请问公司的病假政策是怎么规定的,sql
公司的远程工作政策是怎样的,rag
请问公司的病假政策是怎么规定的,sql
公司的服务器维护时间是什么时候,rag
如何参加公司的技术分享会,rag
如何获取公司的品牌标识使用指南,rag
公司的数据安全政策有哪些规定,rag
公司的年度体检政策是什么,rag
比较销售部门和销售部门的人均产值,sql
公司的股票代码是什么,rag
公司的差旅报销流程是什么,sql
公司的WiFi密码是多少,rag
公司内审部门的男女比例是多少,sql
统计财务部门不同职级的人员占比,sql
公司的办公室布局图在哪里可以找到,rag
计算数据分析部门2024年的人均培训时长,sql
公司员工的平均年龄是多少,sql
如何获取公司的品牌标识使用指南,sql
如何申请公司的学习资源,rag
公司的团队建设活动有哪些,sql
我想了解一下质量控制部门的人员结构,sql
统计公司2024年的研发投入占比,sql
公司的加班餐补政策是什么,rag
给我统计一下公司各部门的人均薪资,sql
公司的停车场在哪里,sql
我想了解一下公司的企业文化,rag
公司有哪些福利待遇,rag
公司的停车场在哪里,rag
公司2020年招聘了多少名新员工,sql
如何参加公司的技术分享会,sql
分析采购部门2019年的绩效考核结果,sql
公司的防火演习流程是什么,sql
统计公司2021年各部门的预算使用情况,sql
公司的主要竞争对手有哪些,rag
公司的加班餐补政策是什么,sql
公司的考勤制度是怎样的,rag
分析行政部门2022年的绩效考核结果,sql
公司的员工福利包括哪些内容,sql
公司的年度体检政策是什么,sql
帮我查一下公司的技术发展路线,rag
公司的年终奖发放标准是什么,rag
公司的主要竞争对手有哪些,rag
公司行政部门的绩效最高的员工是谁,sql
公司的技术栈包括哪些内容,rag
公司的员工心理健康支持项目有哪些,rag
查询公司工程师的晋升周期,sql
公司的环保政策有哪些内容,sql
如何申请公司提供的教育补贴,rag
如何重置公司内部系统密码,sql
查询数据分析部门2022年的人员构成,sql
能告诉我2020年公司的盈利情况吗,sql
公司的打卡时间是几点到几点,rag
公司的主要竞争对手有哪些,rag
公司各职级的薪资范围是什么,sql
财务部门的项目完成率是多少,sql
查询公司2019年不同产品线的销售占比,sql
我想了解一下公司的企业文化,rag
如何参与公司的社会责任项目,rag
公司各职级的薪资范围是什么,sql
公司的员工福利包括哪些内容,sql
公司的绩效评估周期是怎样的,rag
公司的试用期政策是什么,rag
如何使用公司的内部知识库,rag
查一下客户服务部门2018年新招聘了多少人,sql
公司的团队建设活动有哪些,rag
如何参与公司的社会责任项目,sql
公司的安全出口在哪里,rag
如何获取公司的品牌资源和素材,rag
如何使用公司的打印机扫描功能,rag
分析培训发展部门2021年的绩效考核结果,sql
公司的数据安全政策有哪些规定,rag
统计2018年公司的收入构成,sql
如何使用公司的会议预订系统,rag
公司的员工福利包括哪些内容,rag
统计销售部门不同职级的人员占比,sql
公司的年度体检政策是什么,rag
如何使用公司的会议预订系统,sql
公司的晋升机制是怎样的,rag
公司的技术栈包括哪些内容,rag
如何申请公司提供的教育补贴,sql
查一下行政部门2024年新招聘了多少人,sql
市场营销部门的平均工资是多少,sql
如何申请调岗,rag
能告诉我公司的发展历史吗,rag
帮我对比一下各部门2023年的业绩,sql
如何使用公司的健身房设施,sql
如何使用公司的云盘系统,sql
帮我查一下公司的技术发展路线,sql
如何参与公司的社会责任项目,rag
如何重置公司内部系统密码,sql
如何参与公司的社会责任项目,sql
查询一下研发部门的主要项目进展,sql
公司的员工福利包括哪些内容,sql
查询行政部门2019年的人员构成,sql
公司的打卡时间是几点到几点,sql
我想了解公司的晋升通道,sql
公司的环保政策有哪些内容,sql
分析安全部门的年龄结构,sql
如何申请公司提供的教育补贴,rag
能告诉我公司的发展历史吗,rag
如何使用公司的共享单车福利,rag
分析2021年和2021年公司营收的变化趋势,sql
如何重置公司邮箱密码,rag
公司的绩效评估周期是怎样的,rag
公司的地址在哪里,rag
公司的年终奖发放标准是什么,rag
公司的团队建设活动有哪些,rag
公司的信息安全培训内容是什么,rag
帮我查一下公司的技术发展路线,sql
我想知道公司的培训体系,rag
如何申请公司的资源访问权限,rag
我想了解公司的晋升通道,sql
如何申请公司的法定节假日调休,rag
我想看看公司专员的分布情况,sql
公司的员工心理健康支持项目有哪些,rag
公司的防火演习流程是什么,sql
帮我查一下公司的技术发展路线,rag
如何向IT部门报告技术问题,rag
请问2023年第三季度的销售额是多少,sql
查看市场营销部门2021年的客户满意度,sql
公司设计部门的男女比例是多少,sql
公司的休假政策是什么,rag
如何申请公司的资源访问权限,sql
如何使用公司的会议预订系统,sql
计算公关部门2021年的投资回报率,sql
公司的远程工作政策是怎样的,rag
能告诉我公司的发展历史吗,sql
如何申请在家办公,rag
如何使用公司的内部沟通工具,sql
公司的加班补偿政策是什么,sql
如何参加公司的技术分享会,sql
查询公司2020年的产品销量排名,sql
公司的VPN如何连接,rag
公司质量控制部门的主管是谁,sql
公司的人工客服电话号码是多少,rag
我想知道公司的培训体系,rag
如何获取公司的品牌标识使用指南,rag
如何申请公司提供的教育补贴,rag
能告诉我公司的发展历史吗,rag
公司的防火演习流程是什么,sql
公司的专利申请流程是什么,rag
公司的健康保险政策是什么,rag
如何使用公司的共享单车福利,rag
公司的差旅报销流程是什么,rag
公司的办公室布局图在哪里可以找到,rag
公司的知识产权保护政策是什么,sql
公司的产品线包括哪些产品,rag
公司的技术栈包括哪些内容,rag
公司各部门的人数分布情况是怎样的,sql
如何使用公司的打印机扫描功能,rag
公司的餐厅营业时间是什么时候,sql
质量控制部门的项目数量是多少,sql
查询公司2021年各季度的利润率变化,sql
公司的信息安全培训内容是什么,sql
如何使用公司的云盘系统,rag
公司的数据安全政策有哪些规定,rag
如何申请公司的内部转账,rag
公司的专利申请流程是什么,rag
帮我查一下公司的技术发展路线,rag
统计公司2023年的市场份额变化,sql
公司的差旅报销流程是什么,rag
如何申请公司的内部转岗,rag
如何使用公司的共享单车福利,rag
公司的办公用品申请流程是什么,sql
分析2023年公司的季度业绩波动,sql
如何加入公司的员工俱乐部,rag
公司有哪些福利待遇,sql
公司的餐厅营业时间是什么时候,rag
如何使用公司的共享单车福利,sql
公司的打卡时间是几点到几点,sql
公司的年度体检政策是什么,rag
我想了解公司的晋升通道,sql
公司的加班补偿政策是什么,rag
如何使用公司的内部沟通工具,sql
公司的员工心理健康支持项目有哪些,rag
如何重置公司邮箱密码,rag
如何重置公司内部系统密码,sql
公司的考勤制度是怎样的,rag
公司的办公用品申请流程是什么,sql
如何向IT部门报告技术问题,rag
如何参与公司的社会责任项目,rag
如何提交产品改进建议,rag
如何使用公司的共享单车福利,rag
公司的年终奖发放标准是什么,rag
公司的创始人是谁,rag
公司的团队建设活动有哪些,rag
行政部门的项目数量是多少,sql
公司的年度体检政策是什么,sql
如何获取公司的产品折扣,rag
如何提交产品改进建议,sql
如何重置公司邮箱密码,rag
能告诉我公司的发展历史吗,sql
统计国际业务部门2021年各季度的业绩波动,sql
公司的环保政策有哪些内容,sql
公司的技术栈包括哪些内容,rag
公司的保密协议内容是什么,rag
公司的差旅报销流程是什么,rag
计算销售部门顾问的平均工作年限,sql
公司的信息安全培训内容是什么,sql
如何使用公司的打印机和复印机,sql
公司的远程工作政策是怎样的,rag
计算公关部门2024年的投资回报率,sql
如何提交产品改进建议,sql
我想了解公司2020年的人员流动情况,sql
我想知道公司的培训体系,sql
如何重置公司内部系统密码,sql
计算客户服务部门2018年的人均加班时长,sql
公司的防火演习流程是什么,rag
公司各职级的薪资范围是什么,sql
请问2022年第四季度的销售额是多少,sql
公司有哪些福利待遇,rag
公司的数据安全政策有哪些规定,rag
公司的员工福利包括哪些内容,rag
如何使用公司的打印机和复印机,rag
公司的使命和愿景是什么,rag
如何申请公司提供的教育补贴,rag
战略规划部门的设计师平均薪资是多少,sql
公司的绩效评估周期是怎样的,sql
公司的地址在哪里,rag
如何使用公司的电子签名系统,sql
我想了解一下产品部门的人员结构,sql
公司的人工客服电话号码是多少,rag
能告诉我2018年公司的盈利情况吗,sql
如何提交产品改进建议,rag
如何使用公司的打印机和复印机,sql
公司的打卡时间是几点到几点,rag
分析产品部门2024年至2024年的人员变化,sql
公司的试用期政策是什么,sql
公司有哪些福利待遇,rag
公司的健康保险政策是什么,rag
公司的地址在哪里,rag
给我统计一下公司各部门的人均薪资,sql
供应链部门的平均工资是多少,sql
公司的员工手册在哪里可以找到,rag
如何使用公司的快递收发服务,rag
公司员工的平均年龄是多少,sql
公司的团队建设活动有哪些,rag
公司2018年的税收支出是多少,sql
公司的知识产权保护政策是什么,sql
公司的WiFi密码是多少,rag
公司的IT支持电话是多少,rag
公司的餐厅营业时间是什么时候,rag
如何申请公司的内部转账,rag
如何参加公司的技术分享会,sql
如何申请公司的资源访问权限,rag
公司的试用期政策是什么,sql
计算采购部门顾问的平均工作年限,sql
帮我看看公关部门2022年的员工数量变化,sql
公司的信息安全培训内容是什么,rag
查询公司2022年的产品销量排名,sql
公司的安全出口在哪里,sql
如何获取公司的品牌资源和素材,sql
如何申请公司的报销流程,rag
公司的考勤制度是怎样的,sql
如何申请调岗,rag
公司的环保政策有哪些内容,rag
公司的工作时间是怎么规定的,rag
公司的专利申请流程是什么,sql
分析公关部门主管的工作效率,sql
公司的打卡时间是几点到几点,rag
公司的主要竞争对手有哪些,rag
查询公司2019年的国内外市场销售比例,sql
公司的专利申请流程是什么,sql
公司的餐厅营业时间是什么时候,sql
如何申请公司的法定节假日调休,rag
麻烦查一下市场营销部门总监的绩效如何,sql
查询公司2020年不同产品线的销售占比,sql
请问公司的病假政策是怎么规定的,rag
如何获取公司的品牌资源和素材,rag
公司的年会一般什么时候举行,rag
公司有哪些福利待遇,sql
如何申请公司的内部转岗,rag
帮我查一下公司的技术发展路线,sql
公司有哪些福利待遇,rag
分析2018年公司的季度业绩波动,sql
统计公司2023年各部门的预算使用情况,sql
公司的股票代码是什么,rag
公司的员工福利包括哪些内容,rag
公司的紧急联系人是谁,sql
公司的员工手册在哪里可以找到,rag
如何申请公司的报销流程,rag
如何向IT部门报告技术问题,rag
公司2023年的培训预算使用了多少,sql
分析客户服务部门2021年至2021年的人员变化,sql
如何提交产品改进建议,rag
公司的技术栈包括哪些内容,sql
公司的员工心理健康支持项目有哪些,rag
公司的绩效奖金如何计算,rag
如何申请调岗,sql
公司的IT支持电话是多少,rag
如何使用公司的打印机和复印机,sql
公司的工作时间是怎么规定的,rag
公司2023年的财务报表显示了什么,sql
计算信息技术部门分析师的平均工作年限,sql
公司的差旅报销流程是什么,rag
公司的紧急联系人是谁,rag
公司的人工客服电话号码是多少,rag
公司的知识产权保护政策是什么,rag
公司的技术栈包括哪些内容,rag
公司的加班餐补政策是什么,sql
公司的考勤制度是怎样的,rag
如何申请调岗,rag
公司的办公室布局图在哪里可以找到,rag
公司的WiFi密码是多少,sql
计算质量控制部门2023年的人均培训时长,sql
公司的团队建设活动有哪些,rag
帮我查一下公司的技术发展路线,sql
公司的团队建设活动有哪些,rag
公司的保密协议内容是什么,sql
公司的年终奖发放标准是什么,rag
公司各职级的薪资范围是什么,sql
统计公司2018年的市场份额变化,sql
我想了解一下公司的企业文化,rag
如何使用公司的健身房设施,rag
公司的保密协议内容是什么,sql
公司的加班补偿政策是什么,sql
公司的知识产权保护政策是什么,rag
查一下公关部门2018年新招聘了多少人,sql
能告诉我公司的发展历史吗,rag
如何使用公司的健身房设施,rag
公司的工作时间是怎么规定的,rag
如何申请带薪休假,rag
我想了解一下公司的企业文化,sql
如何参与公司的社会责任项目,rag
公司的团队建设活动有哪些,rag
公司的使命和愿景是什么,rag
我想了解公司的晋升通道,sql
如何申请公司提供的教育补贴,sql
如何使用公司的内部沟通工具,rag
公司各部门的人数分布情况是怎样的,sql
统计市场营销部门不同职级的人员占比,sql
公司的停车场在哪里,rag
公司的紧急联系人是谁,rag
统计公司2018年的研发投入占比,sql
公司的绩效奖金如何计算,sql
我需要知道国际业务部门的预算执行情况,sql
公司的数据安全政策有哪些规定,sql
公司的年会一般什么时候举行,rag
公司的餐厅营业时间是什么时候,sql
如何申请调岗,rag
公司的使命和愿景是什么,rag
公司的考勤制度是怎样的,rag
公司的地址在哪里,rag
公司的团队建设活动有哪些,sql
公司的数据安全政策有哪些规定,rag
如何申请调岗,rag
公司的办公用品申请流程是什么,sql
如何申请调岗,rag
帮我对比一下各部门2024年的业绩,sql
公司有哪些福利待遇,rag
如何重置公司内部系统密码,rag
如何使用公司的云盘系统,rag
如何使用公司的电子签名系统,sql
如何申请公司提供的教育补贴,rag
公司的防火演习流程是什么,sql
分析客户成功部门组长的工作效率,sql
公司的产品线包括哪些产品,rag
如何申请在家办公,rag
公司的安全出口在哪里,sql
公司的防火演习流程是什么,rag
公司的WiFi密码是多少,rag
公司的主要竞争对手有哪些,rag
给我统计一下公司各部门的人均薪资,sql
信息技术部门的平均工资是多少,sql
公司的员工福利包括哪些内容,sql
如何获取公司的品牌标识使用指南,sql
公司的WiFi密码是多少,rag
公司的休假政策是什么,rag
公司的加班补偿政策是什么,rag
我想了解一下客户服务部门的人员结构,sql
如何使用公司的云盘系统,rag
如何参加公司的技术分享会,sql
公司的餐厅营业时间是什么时候,rag
统计公司2022年的市场份额变化,sql
公司的员工手册在哪里可以找到,rag
如何向IT部门报告技术问题,rag
如何申请公司的资源访问权限,rag
我想了解一下公司的企业文化,rag
如何申请公司提供的教育补贴,sql
公司的股票代码是什么,rag
公司的停车场在哪里,sql
我想知道公司的培训体系,rag
计算客户成功部门开发者的平均工作年限,sql
公司的环保政策有哪些内容,rag
公司的WiFi密码是多少,rag
公司的产品线包括哪些产品,rag
给我统计一下公司各部门的人均薪资,sql
公司的团队建设活动有哪些,sql
公司的员工手册在哪里可以找到,sql
如何申请带薪休假,rag
查询国际业务部门的管理层结构,sql
公司的停车场在哪里,rag
公司的员工手册在哪里可以找到,rag
公司2022年的税收支出是多少,sql
如何申请公司的法定节假日调休,rag
公司的员工手册在哪里可以找到,sql
帮我看看信息技术部门2021年的员工数量变化,sql
如何提交产品改进建议,sql
查询公司2021年不同产品线的销售占比,sql
如何使用公司的健身房设施,rag
公司的员工心理健康支持项目有哪些,rag
公司的加班餐补政策是什么,sql
如何加入公司的员工俱乐部,rag
比较客户成功部门和客户成功部门的人均产值,sql
如何使用公司的电子签名系统,sql
如何申请调岗,rag
统计2022年公司的收入构成,sql
公司各职级的薪资范围是什么,sql
公司的打卡时间是几点到几点,rag
我想了解公司的晋升通道,rag
如何获取公司的产品折扣,sql
国际业务部门2022年第一季度的业绩如何,sql
统计公司2024年各部门的预算使用情况,sql
如何申请公司提供的教育补贴,rag
公司的紧急联系人是谁,sql
公司的年度体检政策是什么,rag
帮我查一下公司的技术发展路线,rag
查询公司2018年的国内外市场销售比例,sql
公司的主要竞争对手有哪些,rag
公司的办公用品申请流程是什么,sql
公司的产品线包括哪些产品,rag
公司的员工福利包括哪些内容,rag
如何重置公司内部系统密码,rag
如何使用公司的内部沟通工具,rag
公司的员工福利包括哪些内容,sql
公司的打卡时间是几点到几点,rag
如何使用公司的打印机扫描功能,rag
公司的知识产权保护政策是什么,rag
公司的停车场在哪里,sql
如何使用公司的快递收发服务,sql
我想了解公司2023年的人员流动情况,sql
如何使用公司的打印机和复印机,rag
麻烦查一下法务部门总监的绩效如何,sql
统计公司各部门的人才流失率,sql
公司的团队建设活动有哪些,sql
如何使用公司的会议预订系统,rag
统计公司2023年的研发投入占比,sql
如何使用公司的打印机扫描功能,rag
公司的试用期政策是什么,rag
请问公司的病假政策是怎么规定的,sql
统计2021年公司的收入构成,sql
如何使用公司的会议预订系统,sql
比较信息技术部门和信息技术部门的人均产值,sql
分析供应链部门的年龄结构,sql
公司的健康保险政策是什么,rag
如何使用公司的会议预订系统,rag
公司的加班补偿政策是什么,sql
想知道公司去年的总收入,sql
如何参加公司的技术分享会,sql
公司的绩效奖金如何计算,sql
如何申请公司的资源访问权限,rag
如何参与公司的创新项目,sql
如何申请公司的法定节假日调休,sql
如何使用公司的云盘系统,rag
如何申请公司的内部转账,rag
如何使用公司的云盘系统,sql
公司的员工福利包括哪些内容,sql
公司的年会一般什么时候举行,rag
如何使用公司的电子签名系统,sql
公司目前有多少名架构师职位的员工,sql
公司的绩效评估周期是怎样的,rag
如何使用公司的快递收发服务,rag
公司的休假政策是什么,rag
公司的主要竞争对手有哪些,rag
如何参加公司组织的培训课程,sql
帮我查一下公司的技术发展路线,rag
我想了解一下公司的企业文化,rag
公司的技术栈包括哪些内容,rag
请问公司的病假政策是怎么规定的,rag
如何使用公司的打印机和复印机,rag
统计公司2023年的研发投入占比,sql
公司的考勤制度是怎样的,rag
如何加入公司的员工俱乐部,rag
公司的服务器维护时间是什么时候,rag
查询公司2018年的国内外市场销售比例,sql
如何使用公司的打印机扫描功能,rag
分析信息技术部门2019年的成本结构,sql
公司的VPN如何连接,rag
如何使用公司的云盘系统,rag
公司各职级的薪资范围是什么,sql
公司目前有多少名分析师职位的员工,sql
如何申请公司的法定节假日调休,rag
对比运营部门和运营部门的项目成功率,sql
公司的股票代码是什么,rag
如何参与公司的社会责任项目,rag
公司的紧急联系人是谁,rag
公司各部门的人数分布情况是怎样的,sql
如何参加公司的技术分享会,rag
我需要知道产品部门的预算执行情况,sql
如何使用公司的会议预订系统,sql
如何获取公司的产品折扣,sql
公司的打卡时间是几点到几点,rag
能告诉我公司的发展历史吗,sql
如何申请公司的法定节假日调休,sql
公司的主要竞争对手有哪些,rag
信息技术部门2021年的人员流动率是多少,sql
公司的试用期政策是什么,rag
查询培训发展部门的管理层结构,sql
计算客户服务部门2019年的人均加班时长,sql
查询公司实习生的晋升周期,sql
公司的紧急联系人是谁,rag
公司的年终奖发放标准是什么,rag
如何申请公司提供的教育补贴,rag
我想了解公司的晋升通道,rag
请问公司有什么福利政策,rag
公司各职级的薪资范围是什么,sql
公司的团队建设活动有哪些,rag
如何重置公司内部系统密码,rag
公司的人工客服电话号码是多少,rag
帮我看看安全部门2024年的员工数量变化,sql
如何使用公司的打印机扫描功能,rag
如何获取公司的产品折扣,rag
公司的办公用品申请流程是什么,rag
如何使用公司的电子签名系统,rag
公司的WiFi密码是多少,rag
公司的环保政策有哪些内容,sql
如何申请公司的学习资源,rag
公司的股票代码是什么,rag
分析市场营销部门2021年的成本结构,sql
公司有哪些福利待遇,rag
如何申请公司的法定节假日调休,rag
公司法务部门的男女比例是多少,sql
如何申请公司的内部转岗,sql
